accession	study	object_status	bioproject_accession	biosample_accession	sample_name	library_ID	title	library_strategy	library_source	library_selection	library_layout	platform	instrument_model	design_description	filetype	fasta_file	assembly	filename	filename2	filename3	filename4	filename5	filename6	filename7	filename8
SRR36073102	SRP645799	new	PRJNA1358826	SAMN53128824	ST05013	library ST05013	Waterbird microbiome	AMPLICON	GENOMIC	PCR	single	OXFORD_NANOPORE	MinION	16S was amplified and sequenced with SQK-16S using R9.4.1 chemistry following the manufacturers instructions.	fastq			ST05013_waterbird_1.fastq.gz							
SRR36073101	SRP645799	new	PRJNA1358826	SAMN53128825	ST05016	library ST05016	Waterbird microbiome	AMPLICON	GENOMIC	PCR	single	OXFORD_NANOPORE	MinION	16S was amplified and sequenced with SQK-16S using R9.4.1 chemistry following the manufacturers instructions.	fastq			ST05016_waterbird_1.fastq.gz							
SRR36073090	SRP645799	new	PRJNA1358826	SAMN53128826	ST05017	library ST05017	Waterbird microbiome	AMPLICON	GENOMIC	PCR	single	OXFORD_NANOPORE	MinION	16S was amplified and sequenced with SQK-16S using R9.4.1 chemistry following the manufacturers instructions.	fastq			ST05017_waterbird_1.fastq.gz							
SRR36073079	SRP645799	new	PRJNA1358826	SAMN53128827	ST05018	library ST05018	Waterbird microbiome	AMPLICON	GENOMIC	PCR	single	OXFORD_NANOPORE	MinION	16S was amplified and sequenced with SQK-16S using R9.4.1 chemistry following the manufacturers instructions.	fastq			ST05018_waterbird_1.fastq.gz							
SRR36073068	SRP645799	new	PRJNA1358826	SAMN53128828	ST05019	library ST05019	Waterbird microbiome	AMPLICON	GENOMIC	PCR	single	OXFORD_NANOPORE	MinION	16S was amplified and sequenced with SQK-16S using R9.4.1 chemistry following the manufacturers instructions.	fastq			ST05019_waterbird_1.fastq.gz							
SRR36073057	SRP645799	new	PRJNA1358826	SAMN53128829	ST05021	library ST05021	Waterbird microbiome	AMPLICON	GENOMIC	PCR	single	OXFORD_NANOPORE	MinION	16S was amplified and sequenced with SQK-16S using R9.4.1 chemistry following the manufacturers instructions.	fastq			ST05021_waterbird_1.fastq.gz							
SRR36073051	SRP645799	new	PRJNA1358826	SAMN53128830	ST05022	library ST05022	Waterbird microbiome	AMPLICON	GENOMIC	PCR	single	OXFORD_NANOPORE	MinION	16S was amplified and sequenced with SQK-16S using R9.4.1 chemistry following the manufacturers instructions.	fastq			ST05022_waterbird_1.fastq.gz							
SRR36073050	SRP645799	new	PRJNA1358826	SAMN53128831	ST05023	library ST05023	Waterbird microbiome	AMPLICON	GENOMIC	PCR	single	OXFORD_NANOPORE	MinION	16S was amplified and sequenced with SQK-16S using R9.4.1 chemistry following the manufacturers instructions.	fastq			ST05023_waterbird_2.fastq.gz							
SRR36073049	SRP645799	new	PRJNA1358826	SAMN53128832	ST05024	library ST05024	Waterbird microbiome	AMPLICON	GENOMIC	PCR	single	OXFORD_NANOPORE	MinION	16S was amplified and sequenced with SQK-16S using R9.4.1 chemistry following the manufacturers instructions.	fastq			ST05024_waterbird_1.fastq.gz							
SRR36073048	SRP645799	new	PRJNA1358826	SAMN53128833	ST05025	library ST05025	Waterbird microbiome	AMPLICON	GENOMIC	PCR	single	OXFORD_NANOPORE	MinION	16S was amplified and sequenced with SQK-16S using R9.4.1 chemistry following the manufacturers instructions.	fastq			ST05025_waterbird_1.fastq.gz							
SRR36073100	SRP645799	new	PRJNA1358826	SAMN53128834	ST05026	library ST05026	Waterbird microbiome	AMPLICON	GENOMIC	PCR	single	OXFORD_NANOPORE	MinION	16S was amplified and sequenced with SQK-16S using R9.4.1 chemistry following the manufacturers instructions.	fastq			ST05026_waterbird_1.fastq.gz							
SRR36073099	SRP645799	new	PRJNA1358826	SAMN53128835	ST05027	library ST05027	Waterbird microbiome	AMPLICON	GENOMIC	PCR	single	OXFORD_NANOPORE	MinION	16S was amplified and sequenced with SQK-16S using R9.4.1 chemistry following the manufacturers instructions.	fastq			ST05027_waterbird_1.fastq.gz							
SRR36073098	SRP645799	new	PRJNA1358826	SAMN53128836	ST05028	library ST05028	Waterbird microbiome	AMPLICON	GENOMIC	PCR	single	OXFORD_NANOPORE	MinION	16S was amplified and sequenced with SQK-16S using R9.4.1 chemistry following the manufacturers instructions.	fastq			ST05028_waterbird_1.fastq.gz							
SRR36073097	SRP645799	new	PRJNA1358826	SAMN53128837	ST05029	library ST05029	Waterbird microbiome	AMPLICON	GENOMIC	PCR	single	OXFORD_NANOPORE	MinION	16S was amplified and sequenced with SQK-16S using R9.4.1 chemistry following the manufacturers instructions.	fastq			ST05029_waterbird_1.fastq.gz							
SRR36073096	SRP645799	new	PRJNA1358826	SAMN53128838	ST05030	library ST05030	Waterbird microbiome	AMPLICON	GENOMIC	PCR	single	OXFORD_NANOPORE	MinION	16S was amplified and sequenced with SQK-16S using R9.4.1 chemistry following the manufacturers instructions.	fastq			ST05030_waterbird_1.fastq.gz							
SRR36073095	SRP645799	new	PRJNA1358826	SAMN53128839	ST05031	library ST05031	Waterbird microbiome	AMPLICON	GENOMIC	PCR	single	OXFORD_NANOPORE	MinION	16S was amplified and sequenced with SQK-16S using R9.4.1 chemistry following the manufacturers instructions.	fastq			ST05031_waterbird_1.fastq.gz							
SRR36073094	SRP645799	new	PRJNA1358826	SAMN53128840	ST05032	library ST05032	Waterbird microbiome	AMPLICON	GENOMIC	PCR	single	OXFORD_NANOPORE	MinION	16S was amplified and sequenced with SQK-16S using R9.4.1 chemistry following the manufacturers instructions.	fastq			ST05032_waterbird_1.fastq.gz							
SRR36073093	SRP645799	new	PRJNA1358826	SAMN53128841	ST05033	library ST05033	Waterbird microbiome	AMPLICON	GENOMIC	PCR	single	OXFORD_NANOPORE	MinION	16S was amplified and sequenced with SQK-16S using R9.4.1 chemistry following the manufacturers instructions.	fastq			ST05033_waterbird_1.fastq.gz							
SRR36073092	SRP645799	new	PRJNA1358826	SAMN53128842	ST05034	library ST05034	Waterbird microbiome	AMPLICON	GENOMIC	PCR	single	OXFORD_NANOPORE	MinION	16S was amplified and sequenced with SQK-16S using R9.4.1 chemistry following the manufacturers instructions.	fastq			ST05034_waterbird_1.fastq.gz							
SRR36073091	SRP645799	new	PRJNA1358826	SAMN53128843	ST05035	library ST05035	Waterbird microbiome	AMPLICON	GENOMIC	PCR	single	OXFORD_NANOPORE	MinION	16S was amplified and sequenced with SQK-16S using R9.4.1 chemistry following the manufacturers instructions.	fastq			ST05035_waterbird_1.fastq.gz							
SRR36073089	SRP645799	new	PRJNA1358826	SAMN53128844	ST05036	library ST05036	Waterbird microbiome	AMPLICON	GENOMIC	PCR	single	OXFORD_NANOPORE	MinION	16S was amplified and sequenced with SQK-16S using R9.4.1 chemistry following the manufacturers instructions.	fastq			ST05036_waterbird_1.fastq.gz							
SRR36073088	SRP645799	new	PRJNA1358826	SAMN53128845	ST05037	library ST05037	Waterbird microbiome	AMPLICON	GENOMIC	PCR	single	OXFORD_NANOPORE	MinION	16S was amplified and sequenced with SQK-16S using R9.4.1 chemistry following the manufacturers instructions.	fastq			ST05037_waterbird_1.fastq.gz							
SRR36073087	SRP645799	new	PRJNA1358826	SAMN53128846	ST05316	library ST05316	Waterbird microbiome	AMPLICON	GENOMIC	PCR	single	OXFORD_NANOPORE	MinION	16S was amplified and sequenced with SQK-16S using R9.4.1 chemistry following the manufacturers instructions.	fastq			ST05316_waterbird_2.fastq.gz							
SRR36073086	SRP645799	new	PRJNA1358826	SAMN53128847	ST05318	library ST05318	Waterbird microbiome	AMPLICON	GENOMIC	PCR	single	OXFORD_NANOPORE	MinION	16S was amplified and sequenced with SQK-16S using R9.4.1 chemistry following the manufacturers instructions.	fastq			ST05318_waterbird_2.fastq.gz							
SRR36073085	SRP645799	new	PRJNA1358826	SAMN53128848	ST05319	library ST05319	Waterbird microbiome	AMPLICON	GENOMIC	PCR	single	OXFORD_NANOPORE	MinION	16S was amplified and sequenced with SQK-16S using R9.4.1 chemistry following the manufacturers instructions.	fastq			ST05319_waterbird_2.fastq.gz							
SRR36073084	SRP645799	new	PRJNA1358826	SAMN53128849	ST05320	library ST05320	Waterbird microbiome	AMPLICON	GENOMIC	PCR	single	OXFORD_NANOPORE	MinION	16S was amplified and sequenced with SQK-16S using R9.4.1 chemistry following the manufacturers instructions.	fastq			ST05320_waterbird_2.fastq.gz							
SRR36073083	SRP645799	new	PRJNA1358826	SAMN53128850	ST05321	library ST05321	Waterbird microbiome	AMPLICON	GENOMIC	PCR	single	OXFORD_NANOPORE	MinION	16S was amplified and sequenced with SQK-16S using R9.4.1 chemistry following the manufacturers instructions.	fastq			ST05321_waterbird_2.fastq.gz							
SRR36073082	SRP645799	new	PRJNA1358826	SAMN53128851	ST05322	library ST05322	Waterbird microbiome	AMPLICON	GENOMIC	PCR	single	OXFORD_NANOPORE	MinION	16S was amplified and sequenced with SQK-16S using R9.4.1 chemistry following the manufacturers instructions.	fastq			ST05322_waterbird_2.fastq.gz							
SRR36073081	SRP645799	new	PRJNA1358826	SAMN53128852	SX03094	library SX03094	Waterbird microbiome	AMPLICON	GENOMIC	PCR	single	OXFORD_NANOPORE	MinION	16S was amplified and sequenced with SQK-16S using R9.4.1 chemistry following the manufacturers instructions.	fastq			SX03094_waterbird_2.fastq.gz							
SRR36073080	SRP645799	new	PRJNA1358826	SAMN53128853	SX03095	library SX03095	Waterbird microbiome	AMPLICON	GENOMIC	PCR	single	OXFORD_NANOPORE	MinION	16S was amplified and sequenced with SQK-16S using R9.4.1 chemistry following the manufacturers instructions.	fastq			SX03095_waterbird_2.fastq.gz							
SRR36073078	SRP645799	new	PRJNA1358826	SAMN53128854	SX03096	library SX03096	Waterbird microbiome	AMPLICON	GENOMIC	PCR	single	OXFORD_NANOPORE	MinION	16S was amplified and sequenced with SQK-16S using R9.4.1 chemistry following the manufacturers instructions.	fastq			SX03096_waterbird_2.fastq.gz							
SRR36073077	SRP645799	new	PRJNA1358826	SAMN53128855	SX03098	library SX03098	Waterbird microbiome	AMPLICON	GENOMIC	PCR	single	OXFORD_NANOPORE	MinION	16S was amplified and sequenced with SQK-16S using R9.4.1 chemistry following the manufacturers instructions.	fastq			SX03098_waterbird_2.fastq.gz							
SRR36073076	SRP645799	new	PRJNA1358826	SAMN53128856	SX03099	library SX03099	Waterbird microbiome	AMPLICON	GENOMIC	PCR	single	OXFORD_NANOPORE	MinION	16S was amplified and sequenced with SQK-16S using R9.4.1 chemistry following the manufacturers instructions.	fastq			SX03099_waterbird_2.fastq.gz							
SRR36073075	SRP645799	new	PRJNA1358826	SAMN53128857	SX03201	library SX03201	Waterbird microbiome	AMPLICON	GENOMIC	PCR	single	OXFORD_NANOPORE	MinION	16S was amplified and sequenced with SQK-16S using R9.4.1 chemistry following the manufacturers instructions.	fastq			SX03201_waterbird_2.fastq.gz							
SRR36073074	SRP645799	new	PRJNA1358826	SAMN53128858	SX03207	library SX03207	Waterbird microbiome	AMPLICON	GENOMIC	PCR	single	OXFORD_NANOPORE	MinION	16S was amplified and sequenced with SQK-16S using R9.4.1 chemistry following the manufacturers instructions.	fastq			SX03207_waterbird_2.fastq.gz							
SRR36073073	SRP645799	new	PRJNA1358826	SAMN53128859	SX03208	library SX03208	Waterbird microbiome	AMPLICON	GENOMIC	PCR	single	OXFORD_NANOPORE	MinION	16S was amplified and sequenced with SQK-16S using R9.4.1 chemistry following the manufacturers instructions.	fastq			SX03208_waterbird_2.fastq.gz							
SRR36073072	SRP645799	new	PRJNA1358826	SAMN53128860	SX03212	library SX03212	Waterbird microbiome	AMPLICON	GENOMIC	PCR	single	OXFORD_NANOPORE	MinION	16S was amplified and sequenced with SQK-16S using R9.4.1 chemistry following the manufacturers instructions.	fastq			SX03212_waterbird_2.fastq.gz							
SRR36073071	SRP645799	new	PRJNA1358826	SAMN53128861	SX03213	library SX03213	Waterbird microbiome	AMPLICON	GENOMIC	PCR	single	OXFORD_NANOPORE	MinION	16S was amplified and sequenced with SQK-16S using R9.4.1 chemistry following the manufacturers instructions.	fastq			SX03213_waterbird_2.fastq.gz							
SRR36073070	SRP645799	new	PRJNA1358826	SAMN53128862	SX03214	library SX03214	Waterbird microbiome	AMPLICON	GENOMIC	PCR	single	OXFORD_NANOPORE	MinION	16S was amplified and sequenced with SQK-16S using R9.4.1 chemistry following the manufacturers instructions.	fastq			SX03214_waterbird_2.fastq.gz							
SRR36073069	SRP645799	new	PRJNA1358826	SAMN53128863	SX03215	library SX03215	Waterbird microbiome	AMPLICON	GENOMIC	PCR	single	OXFORD_NANOPORE	MinION	16S was amplified and sequenced with SQK-16S using R9.4.1 chemistry following the manufacturers instructions.	fastq			SX03215_waterbird_2.fastq.gz							
SRR36073067	SRP645799	new	PRJNA1358826	SAMN53128864	SX03216	library SX03216	Waterbird microbiome	AMPLICON	GENOMIC	PCR	single	OXFORD_NANOPORE	MinION	16S was amplified and sequenced with SQK-16S using R9.4.1 chemistry following the manufacturers instructions.	fastq			SX03216_waterbird_2.fastq.gz							
SRR36073066	SRP645799	new	PRJNA1358826	SAMN53128865	SX03217	library SX03217	Waterbird microbiome	AMPLICON	GENOMIC	PCR	single	OXFORD_NANOPORE	MinION	16S was amplified and sequenced with SQK-16S using R9.4.1 chemistry following the manufacturers instructions.	fastq			SX03217_waterbird_2.fastq.gz							
SRR36073065	SRP645799	new	PRJNA1358826	SAMN53128866	SX03218	library SX03218	Waterbird microbiome	AMPLICON	GENOMIC	PCR	single	OXFORD_NANOPORE	MinION	16S was amplified and sequenced with SQK-16S using R9.4.1 chemistry following the manufacturers instructions.	fastq			SX03218_waterbird_2.fastq.gz							
SRR36073064	SRP645799	new	PRJNA1358826	SAMN53128867	SX03219	library SX03219	Waterbird microbiome	AMPLICON	GENOMIC	PCR	single	OXFORD_NANOPORE	MinION	16S was amplified and sequenced with SQK-16S using R9.4.1 chemistry following the manufacturers instructions.	fastq			SX03219_waterbird_3.fastq.gz							
SRR36073063	SRP645799	new	PRJNA1358826	SAMN53128868	SX03220	library SX03220	Waterbird microbiome	AMPLICON	GENOMIC	PCR	single	OXFORD_NANOPORE	MinION	16S was amplified and sequenced with SQK-16S using R9.4.1 chemistry following the manufacturers instructions.	fastq			SX03220_waterbird_3.fastq.gz							
SRR36073062	SRP645799	new	PRJNA1358826	SAMN53128869	SX03222	library SX03222	Waterbird microbiome	AMPLICON	GENOMIC	PCR	single	OXFORD_NANOPORE	MinION	16S was amplified and sequenced with SQK-16S using R9.4.1 chemistry following the manufacturers instructions.	fastq			SX03222_waterbird_3.fastq.gz							
SRR36073061	SRP645799	new	PRJNA1358826	SAMN53128870	SX03223	library SX03223	Waterbird microbiome	AMPLICON	GENOMIC	PCR	single	OXFORD_NANOPORE	MinION	16S was amplified and sequenced with SQK-16S using R9.4.1 chemistry following the manufacturers instructions.	fastq			SX03223_waterbird_3.fastq.gz							
SRR36073060	SRP645799	new	PRJNA1358826	SAMN53128871	SX03224	library SX03224	Waterbird microbiome	AMPLICON	GENOMIC	PCR	single	OXFORD_NANOPORE	MinION	16S was amplified and sequenced with SQK-16S using R9.4.1 chemistry following the manufacturers instructions.	fastq			SX03224_waterbird_3.fastq.gz							
SRR36073059	SRP645799	new	PRJNA1358826	SAMN53128872	SX03226	library SX03226	Waterbird microbiome	AMPLICON	GENOMIC	PCR	single	OXFORD_NANOPORE	MinION	16S was amplified and sequenced with SQK-16S using R9.4.1 chemistry following the manufacturers instructions.	fastq			SX03226_waterbird_3.fastq.gz							
SRR36073058	SRP645799	new	PRJNA1358826	SAMN53128873	ST05071	library ST05071	Waterbird microbiome	AMPLICON	GENOMIC	PCR	single	OXFORD_NANOPORE	MinION	16S was amplified and sequenced with SQK-16S using R9.4.1 chemistry following the manufacturers instructions.	fastq			ST05071_waterbird_3.fastq.gz							
SRR36073056	SRP645799	new	PRJNA1358826	SAMN53128874	ST05072	library ST05072	Waterbird microbiome	AMPLICON	GENOMIC	PCR	single	OXFORD_NANOPORE	MinION	16S was amplified and sequenced with SQK-16S using R9.4.1 chemistry following the manufacturers instructions.	fastq			ST05072_waterbird_3.fastq.gz							
SRR36073055	SRP645799	new	PRJNA1358826	SAMN53128875	ST05073	library ST05073	Waterbird microbiome	AMPLICON	GENOMIC	PCR	single	OXFORD_NANOPORE	MinION	16S was amplified and sequenced with SQK-16S using R9.4.1 chemistry following the manufacturers instructions.	fastq			ST05073_waterbird_3.fastq.gz							
SRR36073054	SRP645799	new	PRJNA1358826	SAMN53128876	ST05074	library ST05074	Waterbird microbiome	AMPLICON	GENOMIC	PCR	single	OXFORD_NANOPORE	MinION	16S was amplified and sequenced with SQK-16S using R9.4.1 chemistry following the manufacturers instructions.	fastq			ST05074_waterbird_3.fastq.gz							
SRR36073053	SRP645799	new	PRJNA1358826	SAMN53128877	ST05075	library ST05075	Waterbird microbiome	AMPLICON	GENOMIC	PCR	single	OXFORD_NANOPORE	MinION	16S was amplified and sequenced with SQK-16S using R9.4.1 chemistry following the manufacturers instructions.	fastq			ST05075_waterbird_3.fastq.gz							
SRR36073052	SRP645799	new	PRJNA1358826	SAMN53128878	ST05076	library ST05076	Waterbird microbiome	AMPLICON	GENOMIC	PCR	single	OXFORD_NANOPORE	MinION	16S was amplified and sequenced with SQK-16S using R9.4.1 chemistry following the manufacturers instructions.	fastq			ST05076_waterbird_3.fastq.gz							
