sample_id	accession	study	bioproject_accession	biosample_accession	library_id	title	library_strategy	library_source	library_selection	library_layout	metadata_platform	instrument_model	design_description	isolation_source	source_type	host	collection_date	collected_by	locality	preservation	waterbird_platform	sequencing_approach	barcode	run_date	project_directory	raw_number_of_reads	raw_number_of_bases	raw_median_read_length	raw_mean_read_length	raw_read_length_stdev	raw_n50	raw_mean_qual	raw_median_qual	raw_longest_read_with_Q_1	raw_longest_read_with_Q_2	raw_longest_read_with_Q_3	raw_longest_read_with_Q_4	raw_longest_read_with_Q_5	raw_highest_Q_read_with_length_1	raw_highest_Q_read_with_length_2	raw_highest_Q_read_with_length_3	raw_highest_Q_read_with_length_4	raw_highest_Q_read_with_length_5	raw_reads_gt_Q5	raw_reads_gt_Q7	raw_reads_gt_Q10	raw_reads_gt_Q12	raw_reads_gt_Q15	filt_number_of_reads	filt_number_of_bases	filt_median_read_length	filt_mean_read_length	filt_read_length_stdev	filt_n50	filt_mean_qual	filt_median_qual	filt_longest_read_with_Q_1	filt_longest_read_with_Q_2	filt_longest_read_with_Q_3	filt_longest_read_with_Q_4	filt_longest_read_with_Q_5	filt_highest_Q_read_with_length_1	filt_highest_Q_read_with_length_2	filt_highest_Q_read_with_length_3	filt_highest_Q_read_with_length_4	filt_highest_Q_read_with_length_5	filt_reads_gt_Q5	filt_reads_gt_Q7	filt_reads_gt_Q10	filt_reads_gt_Q12	filt_reads_gt_Q15
ST05013	SRR36073102	SRP645799	PRJNA1358826	SAMN53128824	library ST05013	Waterbird microbiome	AMPLICON	GENOMIC	PCR	single	OXFORD_NANOPORE	MinION	16S was amplified and sequenced with SQK-16S using R9.4.1 chemistry following the manufacturers instructions.	fecal	Animal	Gallinago gallinago	2023-07-27	Ádám Lovas-Kiss	HU: Berettyóújfalu; Andaháza	DNA shield	Nanopore MinION	16S	barcode03	2023-11-29	waterbird_microbiome	74591	113921057	1578	1527.3	248.3	1580	12	12.7	4860 (11.7)	4813 (11.8)	4781 (12.0)	4690 (11.0)	3806 (13.6)	20.5 (206)	19.0 (1590)	18.9 (1578)	18.5 (1594)	18.5 (1603)	74591 (100.0%) 113.9Mb	74591 (100.0%) 113.9Mb	74576 (100.0%) 113.9Mb	48515 (65.0%) 74.9Mb	5750 (7.7%) 9.0Mb	68746	108193120	1580	1573.8	51.6	1581	12	12.8	1800 (11.0)	1799 (14.6)	1798 (13.4)	1798 (12.5)	1797 (13.2)	19.0 (1590)	18.9 (1578)	18.5 (1594)	18.5 (1603)	18.4 (1591)	68746 (100.0%) 108.2Mb	68746 (100.0%) 108.2Mb	68736 (100.0%) 108.2Mb	45592 (66.3%) 71.9Mb	5606 (8.2%) 8.9Mb
ST05016	SRR36073101	SRP645799	PRJNA1358826	SAMN53128825	library ST05016	Waterbird microbiome	AMPLICON	GENOMIC	PCR	single	OXFORD_NANOPORE	MinION	16S was amplified and sequenced with SQK-16S using R9.4.1 chemistry following the manufacturers instructions.	fecal	Animal	Gallinago gallinago	2023-08-03	Ádám Lovas-Kiss	HU: Berettyóújfalu; Andaháza	DNA shield	Nanopore MinION	16S	barcode04	2023-11-29	waterbird_microbiome	95093	146750436	1611	1543.2	291	1612	12	12.7	5049 (12.1)	5047 (13.3)	4879 (10.6)	4851 (13.1)	4833 (10.2)	18.9 (1628)	18.7 (360)	18.5 (1623)	18.5 (1624)	18.4 (1635)	95093 (100.0%) 146.8Mb	95093 (100.0%) 146.8Mb	95077 (100.0%) 146.7Mb	62109 (65.3%) 97.6Mb	8160 (8.6%) 13.1Mb	87703	140696697	1612	1604.2	41.9	1613	12.1	12.8	1798 (11.9)	1797 (12.8)	1797 (10.9)	1795 (11.2)	1795 (11.4)	18.9 (1628)	18.5 (1623)	18.5 (1624)	18.4 (1635)	18.3 (1622)	87703 (100.0%) 140.7Mb	87703 (100.0%) 140.7Mb	87689 (100.0%) 140.7Mb	58889 (67.1%) 94.7Mb	8040 (9.2%) 13.0Mb
ST05017	SRR36073090	SRP645799	PRJNA1358826	SAMN53128826	library ST05017	Waterbird microbiome	AMPLICON	GENOMIC	PCR	single	OXFORD_NANOPORE	MinION	16S was amplified and sequenced with SQK-16S using R9.4.1 chemistry following the manufacturers instructions.	fecal	Animal	Gallinago gallinago	2023-08-03	Ádám Lovas-Kiss	HU: Berettyóújfalu; Andaháza	DNA shield	Nanopore MinION	16S	barcode05	2023-11-29	waterbird_microbiome	89403	141028336	1598	1577.4	199.2	1599	12	12.7	5548 (11.2)	4977 (11.8)	4906 (12.5)	4804 (10.9)	4767 (10.8)	23.1 (107)	20.2 (239)	19.1 (1610)	18.9 (128)	18.9 (1617)	89403 (100.0%) 141.0Mb	89403 (100.0%) 141.0Mb	89384 (100.0%) 141.0Mb	59292 (66.3%) 94.1Mb	7168 (8.0%) 11.5Mb	86299	137655725	1599	1595.1	34.3	1599	12.1	12.8	1800 (11.9)	1800 (12.9)	1796 (10.7)	1795 (11.2)	1794 (11.7)	19.1 (1610)	18.9 (1617)	18.9 (1582)	18.7 (1601)	18.4 (1631)	86299 (100.0%) 137.7Mb	86299 (100.0%) 137.7Mb	86280 (100.0%) 137.6Mb	57843 (67.0%) 92.4Mb	7102 (8.2%) 11.4Mb
ST05018	SRR36073079	SRP645799	PRJNA1358826	SAMN53128827	library ST05018	Waterbird microbiome	AMPLICON	GENOMIC	PCR	single	OXFORD_NANOPORE	MinION	16S was amplified and sequenced with SQK-16S using R9.4.1 chemistry following the manufacturers instructions.	fecal	Animal	Gallinago gallinago	2023-08-03	Ádám Lovas-Kiss	HU: Berettyóújfalu; Andaháza	DNA shield	Nanopore MinION	16S	barcode06	2023-11-29	waterbird_microbiome	89728	139284943	1576	1552.3	222	1577	12.1	12.8	20542 (12.2)	4884 (14.4)	4046 (13.4)	3968 (11.4)	3932 (13.2)	19.9 (1535)	19.3 (661)	18.7 (1576)	18.6 (1579)	18.5 (1574)	89728 (100.0%) 139.3Mb	89728 (100.0%) 139.3Mb	89711 (100.0%) 139.3Mb	59473 (66.3%) 93.2Mb	7940 (8.8%) 12.5Mb	86142	135878560	1577	1577.4	32.4	1577	12.1	12.8	1800 (10.9)	1799 (10.3)	1798 (13.2)	1798 (10.8)	1797 (14.0)	19.9 (1535)	18.7 (1576)	18.6 (1579)	18.5 (1574)	18.5 (1579)	86142 (100.0%) 135.9Mb	86142 (100.0%) 135.9Mb	86126 (100.0%) 135.9Mb	57800 (67.1%) 91.3Mb	7855 (9.1%) 12.4Mb
ST05019	SRR36073068	SRP645799	PRJNA1358826	SAMN53128828	library ST05019	Waterbird microbiome	AMPLICON	GENOMIC	PCR	single	OXFORD_NANOPORE	MinION	16S was amplified and sequenced with SQK-16S using R9.4.1 chemistry following the manufacturers instructions.	fecal	Animal	Gallinago gallinago	2023-08-18	Ádám Lovas-Kiss	HU: Berettyóújfalu; Andaháza	DNA shield	Nanopore MinION	16S	barcode07	2023-11-29	waterbird_microbiome	93263	145035690	1609	1555.1	264.8	1611	12	12.7	5645 (10.8)	4835 (10.4)	4819 (13.4)	4799 (13.6)	4784 (11.3)	25.6 (114)	19.6 (123)	19.2 (1470)	18.7 (1629)	18.7 (1625)	93263 (100.0%) 145.0Mb	93263 (100.0%) 145.0Mb	93239 (100.0%) 145.0Mb	61214 (65.6%) 96.5Mb	8219 (8.8%) 13.2Mb	87483	139972869	1611	1600	46.3	1611	12.1	12.8	1800 (12.2)	1800 (13.8)	1800 (10.6)	1798 (13.3)	1798 (16.5)	19.2 (1470)	18.7 (1629)	18.7 (1625)	18.5 (1585)	18.3 (1630)	87483 (100.0%) 140.0Mb	87483 (100.0%) 140.0Mb	87459 (100.0%) 139.9Mb	58600 (67.0%) 94.0Mb	8097 (9.3%) 13.0Mb
ST05021	SRR36073057	SRP645799	PRJNA1358826	SAMN53128829	library ST05021	Waterbird microbiome	AMPLICON	GENOMIC	PCR	single	OXFORD_NANOPORE	MinION	16S was amplified and sequenced with SQK-16S using R9.4.1 chemistry following the manufacturers instructions.	fecal	Animal	Gallinago gallinago	2023-08-19	Ádám Lovas-Kiss	HU: Berettyóújfalu; Andaháza	DNA shield	Nanopore MinION	16S	barcode08	2023-11-29	waterbird_microbiome	102213	152869691	1571	1495.6	306.9	1573	11.9	12.6	5016 (13.3)	4881 (12.4)	4812 (14.8)	4755 (14.1)	4748 (11.2)	23.7 (107)	19.9 (469)	19.1 (272)	18.8 (99)	18.7 (1609)	102213 (100.0%) 152.9Mb	102213 (100.0%) 152.9Mb	102201 (100.0%) 152.9Mb	64774 (63.4%) 98.9Mb	6820 (6.7%) 10.7Mb	92224	144733615	1574	1569.4	49.9	1574	12	12.7	1800 (12.6)	1799 (10.4)	1799 (13.3)	1799 (10.2)	1799 (14.9)	18.7 (1609)	18.6 (1614)	18.4 (1567)	18.3 (1614)	18.2 (1574)	92224 (100.0%) 144.7Mb	92224 (100.0%) 144.7Mb	92213 (100.0%) 144.7Mb	60233 (65.3%) 94.7Mb	6650 (7.2%) 10.5Mb
ST05022	SRR36073051	SRP645799	PRJNA1358826	SAMN53128830	library ST05022	Waterbird microbiome	AMPLICON	GENOMIC	PCR	single	OXFORD_NANOPORE	MinION	16S was amplified and sequenced with SQK-16S using R9.4.1 chemistry following the manufacturers instructions.	fecal	Animal	Gallinago gallinago	2023-08-19	Ádám Lovas-Kiss	HU: Berettyóújfalu; Andaháza	DNA shield	Nanopore MinION	16S	barcode09	2023-11-29	waterbird_microbiome	99453	148902127	1593	1497.2	339.5	1598	12	12.7	4885 (13.5)	4879 (13.5)	4822 (12.3)	4796 (10.4)	4745 (10.5)	19.8 (1459)	18.6 (794)	18.3 (1621)	18.3 (1570)	18.2 (1627)	99453 (100.0%) 148.9Mb	99453 (100.0%) 148.9Mb	99435 (100.0%) 148.9Mb	64145 (64.5%) 98.4Mb	7763 (7.8%) 12.3Mb	88268	140471509	1598	1591.4	47.4	1599	12.1	12.8	1800 (10.3)	1800 (12.6)	1799 (10.1)	1799 (12.1)	1799 (13.7)	19.8 (1459)	18.3 (1621)	18.3 (1570)	18.2 (1627)	18.1 (1586)	88268 (100.0%) 140.5Mb	88268 (100.0%) 140.5Mb	88253 (100.0%) 140.4Mb	58969 (66.8%) 94.0Mb	7598 (8.6%) 12.2Mb
ST05023	SRR36073050	SRP645799	PRJNA1358826	SAMN53128831	library ST05023	Waterbird microbiome	AMPLICON	GENOMIC	PCR	single	OXFORD_NANOPORE	MinION	16S was amplified and sequenced with SQK-16S using R9.4.1 chemistry following the manufacturers instructions.	fecal	Animal	Gallinago gallinago	2023-08-31	Ádám Lovas-Kiss	HU: Berettyóújfalu; Andaháza	DNA shield	Nanopore MinION	16S	barcode01	2023-12-07	waterbird_microbiome	103958	158253403	1615	1522.3	337.1	1616	12.1	12.9	3624 (11.9)	3595 (11.7)	3435 (10.8)	3420 (10.9)	3374 (10.8)	20.5 (1259)	19.8 (403)	18.9 (484)	18.7 (1626)	18.6 (1630)	103958 (100.0%) 158.3Mb	103958 (100.0%) 158.3Mb	103949 (100.0%) 158.2Mb	71347 (68.6%) 112.4Mb	9445 (9.1%) 15.2Mb	94650	152464897	1616	1610.8	36	1616	12.2	13	1800 (10.6)	1800 (10.9)	1799 (11.1)	1799 (13.9)	1797 (11.0)	20.5 (1259)	18.7 (1626)	18.6 (1630)	18.6 (1624)	18.5 (1625)	94650 (100.0%) 152.5Mb	94650 (100.0%) 152.5Mb	94642 (100.0%) 152.5Mb	67955 (71.8%) 109.7Mb	9321 (9.8%) 15.1Mb
ST05024	SRR36073049	SRP645799	PRJNA1358826	SAMN53128832	library ST05024	Waterbird microbiome	AMPLICON	GENOMIC	PCR	single	OXFORD_NANOPORE	MinION	16S was amplified and sequenced with SQK-16S using R9.4.1 chemistry following the manufacturers instructions.	fecal	Animal	Gallinago gallinago	2023-08-31	Ádám Lovas-Kiss	HU: Berettyóújfalu; Andaháza	DNA shield	Nanopore MinION	16S	barcode10	2023-11-29	waterbird_microbiome	93189	141163750	1596	1514.8	312.4	1600	12	12.7	5096 (11.2)	4883 (12.3)	4845 (13.2)	4821 (15.3)	4786 (11.4)	25.2 (122)	23.4 (105)	19.2 (1618)	18.6 (1622)	18.3 (1624)	93189 (100.0%) 141.2Mb	93189 (100.0%) 141.2Mb	93173 (100.0%) 141.1Mb	59672 (64.0%) 92.4Mb	7132 (7.7%) 11.3Mb	84680	134555153	1600	1589	54.9	1601	12	12.8	1800 (12.9)	1800 (14.0)	1799 (11.5)	1797 (13.7)	1796 (13.3)	19.2 (1618)	18.6 (1622)	18.3 (1624)	18.3 (1624)	18.2 (1577)	84680 (100.0%) 134.6Mb	84680 (100.0%) 134.6Mb	84669 (100.0%) 134.5Mb	55922 (66.0%) 89.1Mb	6997 (8.3%) 11.2Mb
ST05025	SRR36073048	SRP645799	PRJNA1358826	SAMN53128833	library ST05025	Waterbird microbiome	AMPLICON	GENOMIC	PCR	single	OXFORD_NANOPORE	MinION	16S was amplified and sequenced with SQK-16S using R9.4.1 chemistry following the manufacturers instructions.	fecal	Animal	Gallinago gallinago	2023-08-31	Ádám Lovas-Kiss	HU: Berettyóújfalu; Andaháza	DNA shield	Nanopore MinION	16S	barcode11	2023-11-29	waterbird_microbiome	96609	151702170	1582	1570.3	203.9	1584	12	12.8	19468 (10.8)	6364 (11.1)	5088 (10.7)	4898 (13.8)	4853 (12.7)	26.5 (133)	18.9 (1619)	18.7 (1634)	18.7 (1582)	18.4 (1513)	96609 (100.0%) 151.7Mb	96609 (100.0%) 151.7Mb	96592 (100.0%) 151.7Mb	63808 (66.0%) 100.7Mb	8472 (8.8%) 13.5Mb	93412	147940336	1583	1583.7	35.5	1583	12.1	12.8	1799 (12.6)	1799 (11.3)	1798 (13.9)	1798 (12.4)	1798 (11.2)	18.9 (1619)	18.7 (1634)	18.7 (1582)	18.4 (1513)	18.4 (1602)	93412 (100.0%) 147.9Mb	93412 (100.0%) 147.9Mb	93396 (100.0%) 147.9Mb	62302 (66.7%) 98.9Mb	8394 (9.0%) 13.4Mb
ST05026	SRR36073100	SRP645799	PRJNA1358826	SAMN53128834	library ST05026	Waterbird microbiome	AMPLICON	GENOMIC	PCR	single	OXFORD_NANOPORE	MinION	16S was amplified and sequenced with SQK-16S using R9.4.1 chemistry following the manufacturers instructions.	fecal	Animal	Gallinago gallinago	2023-08-31	Ádám Lovas-Kiss	HU: Berettyóújfalu; Andaháza	DNA shield	Nanopore MinION	16S	barcode12	2023-11-29	waterbird_microbiome	53437	83944635	1573	1570.9	170.3	1574	12	12.7	4634 (10.4)	4385 (11.4)	3817 (13.7)	3692 (11.7)	3540 (11.2)	19.5 (1619)	19.3 (962)	19.1 (1620)	18.7 (1604)	18.6 (1567)	53437 (100.0%) 83.9Mb	53437 (100.0%) 83.9Mb	53428 (100.0%) 83.9Mb	35092 (65.7%) 55.4Mb	4468 (8.4%) 7.1Mb	52097	82175878	1574	1577.4	35.8	1574	12	12.7	1800 (11.0)	1799 (12.4)	1798 (10.3)	1798 (10.9)	1795 (12.7)	19.5 (1619)	19.1 (1620)	18.7 (1604)	18.6 (1567)	18.6 (1604)	52097 (100.0%) 82.2Mb	52097 (100.0%) 82.2Mb	52088 (100.0%) 82.2Mb	34488 (66.2%) 54.5Mb	4440 (8.5%) 7.0Mb
ST05027	SRR36073099	SRP645799	PRJNA1358826	SAMN53128835	library ST05027	Waterbird microbiome	AMPLICON	GENOMIC	PCR	single	OXFORD_NANOPORE	MinION	16S was amplified and sequenced with SQK-16S using R9.4.1 chemistry following the manufacturers instructions.	fecal	Animal	Gallinago gallinago	2023-08-31	Ádám Lovas-Kiss	HU: Berettyóújfalu; Andaháza	DNA shield	Nanopore MinION	16S	barcode13	2023-11-29	waterbird_microbiome	90154	140179070	1614	1554.9	288.6	1615	12	12.7	4718 (12.0)	4155 (11.8)	3736 (10.8)	3614 (10.6)	3559 (11.7)	19.3 (1601)	19.3 (1631)	18.9 (1619)	18.6 (1630)	18.6 (1619)	90154 (100.0%) 140.2Mb	90154 (100.0%) 140.2Mb	90141 (100.0%) 140.2Mb	58896 (65.3%) 93.2Mb	8060 (8.9%) 13.0Mb	83772	134965741	1615	1611.1	35.4	1616	12.1	12.8	1799 (13.5)	1799 (14.5)	1798 (13.5)	1797 (11.6)	1797 (11.7)	19.3 (1601)	19.3 (1631)	18.9 (1619)	18.6 (1630)	18.6 (1619)	83772 (100.0%) 135.0Mb	83772 (100.0%) 135.0Mb	83761 (100.0%) 134.9Mb	56122 (67.0%) 90.6Mb	7942 (9.5%) 12.8Mb
ST05028	SRR36073098	SRP645799	PRJNA1358826	SAMN53128836	library ST05028	Waterbird microbiome	AMPLICON	GENOMIC	PCR	single	OXFORD_NANOPORE	MinION	16S was amplified and sequenced with SQK-16S using R9.4.1 chemistry following the manufacturers instructions.	fecal	Animal	Gallinago gallinago	2023-08-31	Ádám Lovas-Kiss	HU: Berettyóújfalu; Andaháza	DNA shield	Nanopore MinION	16S	barcode14	2023-11-29	waterbird_microbiome	102888	155730780	1574	1513.6	289.9	1576	12	12.7	4886 (14.3)	4886 (12.9)	4770 (15.1)	4739 (11.7)	4730 (12.7)	28.0 (256)	25.0 (177)	19.5 (1303)	19.0 (535)	18.8 (1591)	102888 (100.0%) 155.7Mb	102888 (100.0%) 155.7Mb	102876 (100.0%) 155.7Mb	66432 (64.6%) 102.3Mb	7884 (7.7%) 12.4Mb	94649	149088324	1576	1575.2	47.1	1576	12	12.7	1800 (13.0)	1799 (12.5)	1797 (13.8)	1796 (10.8)	1795 (14.2)	19.5 (1303)	18.8 (1591)	18.8 (1623)	18.7 (1617)	18.6 (1635)	94649 (100.0%) 149.1Mb	94649 (100.0%) 149.1Mb	94638 (100.0%) 149.1Mb	62652 (66.2%) 98.9Mb	7740 (8.2%) 12.3Mb
ST05029	SRR36073097	SRP645799	PRJNA1358826	SAMN53128837	library ST05029	Waterbird microbiome	AMPLICON	GENOMIC	PCR	single	OXFORD_NANOPORE	MinION	16S was amplified and sequenced with SQK-16S using R9.4.1 chemistry following the manufacturers instructions.	fecal	Animal	Gallinago gallinago	2023-08-31	Ádám Lovas-Kiss	HU: Berettyóújfalu; Andaháza	DNA shield	Nanopore MinION	16S	barcode15	2023-11-29	waterbird_microbiome	96008	142597607	1608	1485.3	372.1	1611	11.9	12.6	4653 (12.3)	4385 (12.1)	3972 (10.4)	3915 (10.2)	3679 (10.4)	28.9 (154)	19.1 (1632)	18.9 (1623)	18.8 (1564)	18.6 (1622)	96008 (100.0%) 142.6Mb	96008 (100.0%) 142.6Mb	95994 (100.0%) 142.6Mb	60619 (63.1%) 93.3Mb	6931 (7.2%) 11.0Mb	84088	134339365	1611	1597.6	56.6	1612	12	12.8	1800 (10.9)	1800 (13.1)	1800 (12.4)	1800 (11.7)	1800 (12.4)	19.1 (1632)	18.9 (1623)	18.8 (1564)	18.6 (1622)	18.4 (1618)	84088 (100.0%) 134.3Mb	84088 (100.0%) 134.3Mb	84076 (100.0%) 134.3Mb	55743 (66.3%) 89.2Mb	6773 (8.1%) 10.9Mb
ST05030	SRR36073096	SRP645799	PRJNA1358826	SAMN53128838	library ST05030	Waterbird microbiome	AMPLICON	GENOMIC	PCR	single	OXFORD_NANOPORE	MinION	16S was amplified and sequenced with SQK-16S using R9.4.1 chemistry following the manufacturers instructions.	fecal	Animal	Gallinago gallinago	2023-08-31	Ádám Lovas-Kiss	HU: Berettyóújfalu; Andaháza	DNA shield	Nanopore MinION	16S	barcode16	2023-11-29	waterbird_microbiome	88738	139905263	1577	1576.6	161.6	1578	12.1	12.8	4905 (12.2)	4834 (13.9)	4820 (11.9)	4770 (12.3)	4770 (12.5)	21.9 (206)	19.5 (1580)	19.1 (1579)	18.6 (1574)	18.5 (1581)	88738 (100.0%) 139.9Mb	88738 (100.0%) 139.9Mb	88721 (100.0%) 139.9Mb	60038 (67.7%) 94.9Mb	8322 (9.4%) 13.2Mb	86826	137267465	1578	1580.9	32.6	1578	12.1	12.9	1799 (12.4)	1798 (11.2)	1797 (13.7)	1797 (12.9)	1790 (12.3)	19.5 (1580)	19.1 (1579)	18.6 (1574)	18.5 (1581)	18.4 (1580)	86826 (100.0%) 137.3Mb	86826 (100.0%) 137.3Mb	86810 (100.0%) 137.2Mb	59071 (68.0%) 93.5Mb	8272 (9.5%) 13.1Mb
ST05031	SRR36073095	SRP645799	PRJNA1358826	SAMN53128839	library ST05031	Waterbird microbiome	AMPLICON	GENOMIC	PCR	single	OXFORD_NANOPORE	MinION	16S was amplified and sequenced with SQK-16S using R9.4.1 chemistry following the manufacturers instructions.	fecal	Animal	Gallinago gallinago	2023-08-31	Ádám Lovas-Kiss	HU: Berettyóújfalu; Andaháza	DNA shield	Nanopore MinION	16S	barcode17	2023-11-29	waterbird_microbiome	101422	152650459	1578	1505.1	310.2	1580	12	12.6	5196 (13.6)	4804 (10.5)	4800 (11.3)	4774 (11.5)	4734 (11.1)	26.5 (226)	18.6 (1592)	18.5 (864)	18.4 (1587)	18.3 (1324)	101422 (100.0%) 152.7Mb	101422 (100.0%) 152.7Mb	101402 (100.0%) 152.6Mb	64908 (64.0%) 99.7Mb	7582 (7.5%) 12.0Mb	92112	145525943	1580	1579.9	41.7	1581	12	12.7	1800 (13.7)	1799 (10.9)	1799 (10.4)	1798 (10.9)	1797 (12.1)	18.6 (1592)	18.4 (1587)	18.3 (1324)	18.3 (1591)	18.2 (1573)	92112 (100.0%) 145.5Mb	92112 (100.0%) 145.5Mb	92096 (100.0%) 145.5Mb	60726 (65.9%) 96.1Mb	7421 (8.1%) 11.8Mb
ST05032	SRR36073094	SRP645799	PRJNA1358826	SAMN53128840	library ST05032	Waterbird microbiome	AMPLICON	GENOMIC	PCR	single	OXFORD_NANOPORE	MinION	16S was amplified and sequenced with SQK-16S using R9.4.1 chemistry following the manufacturers instructions.	fecal	Animal	Gallinago gallinago	2023-08-31	Ádám Lovas-Kiss	HU: Berettyóújfalu; Andaháza	DNA shield	Nanopore MinION	16S	barcode18	2023-11-29	waterbird_microbiome	77365	120538314	1564	1558	162.7	1564	12.1	12.8	4789 (10.8)	4772 (11.9)	4770 (15.0)	3669 (11.2)	3601 (12.8)	20.4 (626)	19.0 (1565)	18.7 (1571)	18.7 (1568)	18.7 (1503)	77365 (100.0%) 120.5Mb	77365 (100.0%) 120.5Mb	77356 (100.0%) 120.5Mb	51665 (66.8%) 80.8Mb	6945 (9.0%) 10.9Mb	75506	118200281	1564	1565.4	31.6	1564	12.1	12.8	1800 (11.8)	1798 (11.7)	1798 (13.8)	1797 (10.2)	1795 (11.5)	19.0 (1565)	18.7 (1571)	18.7 (1568)	18.7 (1503)	18.5 (1585)	75506 (100.0%) 118.2Mb	75506 (100.0%) 118.2Mb	75497 (100.0%) 118.2Mb	50732 (67.2%) 79.5Mb	6883 (9.1%) 10.8Mb
ST05033	SRR36073093	SRP645799	PRJNA1358826	SAMN53128841	library ST05033	Waterbird microbiome	AMPLICON	GENOMIC	PCR	single	OXFORD_NANOPORE	MinION	16S was amplified and sequenced with SQK-16S using R9.4.1 chemistry following the manufacturers instructions.	fecal	Animal	Gallinago gallinago	2023-08-31	Ádám Lovas-Kiss	HU: Berettyóújfalu; Andaháza	DNA shield	Nanopore MinION	16S	barcode19	2023-11-29	waterbird_microbiome	102236	155883570	1610	1524.7	309.1	1612	12	12.7	4898 (11.8)	4779 (13.1)	4674 (11.9)	4446 (11.1)	3926 (10.7)	22.2 (83)	19.1 (1626)	18.8 (1627)	18.8 (1628)	18.7 (1540)	102236 (100.0%) 155.9Mb	102236 (100.0%) 155.9Mb	102218 (100.0%) 155.9Mb	65873 (64.4%) 102.8Mb	8305 (8.1%) 13.3Mb	92946	148431484	1612	1597	62.3	1613	12.1	12.8	1800 (10.6)	1799 (14.3)	1799 (10.1)	1799 (12.5)	1798 (13.6)	19.1 (1626)	18.8 (1627)	18.8 (1628)	18.7 (1540)	18.3 (1628)	92946 (100.0%) 148.4Mb	92946 (100.0%) 148.4Mb	92932 (100.0%) 148.4Mb	61888 (66.6%) 99.0Mb	8155 (8.8%) 13.1Mb
ST05034	SRR36073092	SRP645799	PRJNA1358826	SAMN53128842	library ST05034	Waterbird microbiome	AMPLICON	GENOMIC	PCR	single	OXFORD_NANOPORE	MinION	16S was amplified and sequenced with SQK-16S using R9.4.1 chemistry following the manufacturers instructions.	fecal	Animal	Gallinago gallinago	2023-08-31	Ádám Lovas-Kiss	HU: Berettyóújfalu; Andaháza	DNA shield	Nanopore MinION	16S	barcode20	2023-11-29	waterbird_microbiome	96287	143825393	1580	1493.7	334.7	1583	12	12.6	5065 (12.4)	5033 (10.7)	4823 (10.8)	4770 (11.7)	4756 (11.2)	19.7 (131)	19.4 (182)	19.1 (1584)	18.5 (1623)	18.5 (1577)	96287 (100.0%) 143.8Mb	96287 (100.0%) 143.8Mb	96266 (100.0%) 143.8Mb	61745 (64.1%) 94.5Mb	7649 (7.9%) 12.1Mb	86032	136221732	1583	1583.4	46.7	1584	12	12.8	1800 (11.0)	1800 (10.7)	1799 (12.7)	1799 (10.5)	1797 (13.3)	19.1 (1584)	18.5 (1623)	18.5 (1577)	18.4 (1578)	18.3 (1629)	86032 (100.0%) 136.2Mb	86032 (100.0%) 136.2Mb	86013 (100.0%) 136.2Mb	57168 (66.4%) 90.7Mb	7452 (8.7%) 11.9Mb
ST05035	SRR36073091	SRP645799	PRJNA1358826	SAMN53128843	library ST05035	Waterbird microbiome	AMPLICON	GENOMIC	PCR	single	OXFORD_NANOPORE	MinION	16S was amplified and sequenced with SQK-16S using R9.4.1 chemistry following the manufacturers instructions.	fecal	Animal	Gallinago gallinago	2023-08-31	Ádám Lovas-Kiss	HU: Berettyóújfalu; Andaháza	DNA shield	Nanopore MinION	16S	barcode21	2023-11-29	waterbird_microbiome	130784	183218794	1560	1400.9	393.6	1564	11.8	12.5	5085 (11.0)	4971 (11.5)	4836 (14.0)	4786 (13.6)	4719 (12.5)	19.4 (1567)	18.9 (1566)	18.8 (30)	18.7 (1630)	18.6 (1588)	130784 (100.0%) 183.2Mb	130784 (100.0%) 183.2Mb	130771 (100.0%) 183.2Mb	79667 (60.9%) 116.1Mb	8007 (6.1%) 12.2Mb	107161	166193314	1565	1550.9	69.6	1566	12	12.7	1800 (11.1)	1800 (10.3)	1799 (14.6)	1798 (13.6)	1797 (13.6)	19.4 (1567)	18.9 (1566)	18.7 (1630)	18.6 (1588)	18.5 (1567)	107161 (100.0%) 166.2Mb	107161 (100.0%) 166.2Mb	107153 (100.0%) 166.2Mb	69114 (64.5%) 107.4Mb	7608 (7.1%) 11.9Mb
ST05036	SRR36073089	SRP645799	PRJNA1358826	SAMN53128844	library ST05036	Waterbird microbiome	AMPLICON	GENOMIC	PCR	single	OXFORD_NANOPORE	MinION	16S was amplified and sequenced with SQK-16S using R9.4.1 chemistry following the manufacturers instructions.	fecal	Animal	Gallinago gallinago	2023-08-31	Ádám Lovas-Kiss	HU: Berettyóújfalu; Andaháza	DNA shield	Nanopore MinION	16S	barcode22	2023-11-29	waterbird_microbiome	27	35109	1525	1300.3	629.7	1641	11	11.4	3163 (10.6)	2015 (10.6)	1723 (11.4)	1716 (13.9)	1708 (11.0)	14.1 (1525)	13.9 (1716)	13.4 (1708)	12.7 (1615)	12.6 (1317)	27 (100.0%) 0.0Mb	27 (100.0%) 0.0Mb	27 (100.0%) 0.0Mb	8 (29.6%) 0.0Mb	0 (0.0%) 0.0Mb	15	23924	1641	1594.9	133.2	1641	11.4	11.8	1723 (11.4)	1716 (13.9)	1708 (13.4)	1708 (11.0)	1689 (11.8)	14.1 (1525)	13.9 (1716)	13.4 (1708)	12.7 (1615)	12.6 (1317)	15 (100.0%) 0.0Mb	15 (100.0%) 0.0Mb	15 (100.0%) 0.0Mb	6 (40.0%) 0.0Mb	0 (0.0%) 0.0Mb
ST05037	SRR36073088	SRP645799	PRJNA1358826	SAMN53128845	library ST05037	Waterbird microbiome	AMPLICON	GENOMIC	PCR	single	OXFORD_NANOPORE	MinION	16S was amplified and sequenced with SQK-16S using R9.4.1 chemistry following the manufacturers instructions.	fecal	Animal	Gallinago gallinago	2023-08-31	Ádám Lovas-Kiss	HU: Berettyóújfalu; Andaháza	DNA shield	Nanopore MinION	16S	barcode24	2023-11-29	waterbird_microbiome	93293	142068784	1580	1522.8	279.5	1582	12	12.7	4864 (12.0)	4830 (14.1)	4370 (12.4)	3787 (10.3)	3716 (13.1)	19.2 (1409)	19.0 (55)	18.8 (1615)	18.6 (1612)	18.3 (63)	93293 (100.0%) 142.1Mb	93293 (100.0%) 142.1Mb	93264 (100.0%) 142.0Mb	60723 (65.1%) 93.9Mb	7613 (8.2%) 12.0Mb	86001	135870750	1582	1579.9	43.1	1583	12.1	12.8	1799 (13.3)	1796 (10.9)	1795 (11.6)	1795 (12.0)	1795 (11.9)	19.2 (1409)	18.8 (1615)	18.6 (1612)	18.3 (1617)	18.2 (1618)	86001 (100.0%) 135.9Mb	86001 (100.0%) 135.9Mb	85978 (100.0%) 135.8Mb	57270 (66.6%) 90.6Mb	7467 (8.7%) 11.8Mb
ST05071	SRR36073058	SRP645799	PRJNA1358826	SAMN53128873	library ST05071	Waterbird microbiome	AMPLICON	GENOMIC	PCR	single	OXFORD_NANOPORE	MinION	16S was amplified and sequenced with SQK-16S using R9.4.1 chemistry following the manufacturers instructions.	fecal	Animal	Gallinago gallinago	2023-10-18	Ádám Lovas-Kiss	HU: Berettyóújfalu; Andaháza	DNA shield	Nanopore MinION	16S	barcode07	2023-01-16	waterbird_microbiome	158773	238215701	1609	1500.4	333.9	1611	11.9	12.5	19437 (12.2)	4986 (11.0)	4887 (12.0)	4872 (14.4)	4864 (13.8)	18.9 (1626)	18.9 (204)	18.4 (1856)	18.3 (1631)	18.3 (1622)	158773 (100.0%) 238.2Mb	158773 (100.0%) 238.2Mb	158750 (100.0%) 238.2Mb	97993 (61.7%) 150.6Mb	9597 (6.0%) 15.2Mb	138319	220656160	1612	1595.3	67.1	1612	11.9	12.6	1800 (12.4)	1799 (11.7)	1799 (11.8)	1798 (13.6)	1797 (10.7)	18.9 (1626)	18.3 (1631)	18.3 (1622)	18.3 (1614)	18.2 (1631)	138319 (100.0%) 220.7Mb	138319 (100.0%) 220.7Mb	138301 (100.0%) 220.6Mb	88478 (64.0%) 141.4Mb	9180 (6.6%) 14.7Mb
ST05072	SRR36073056	SRP645799	PRJNA1358826	SAMN53128874	library ST05072	Waterbird microbiome	AMPLICON	GENOMIC	PCR	single	OXFORD_NANOPORE	MinION	16S was amplified and sequenced with SQK-16S using R9.4.1 chemistry following the manufacturers instructions.	fecal	Animal	Gallinago gallinago	2023-10-18	Ádám Lovas-Kiss	HU: Berettyóújfalu; Andaháza	DNA shield	Nanopore MinION	16S	barcode08	2023-01-16	waterbird_microbiome	122239	179628752	1574	1469.5	333.1	1576	11.7	12.4	4987 (12.6)	4846 (11.9)	4661 (12.2)	4215 (12.1)	3933 (11.1)	18.6 (54)	18.4 (1147)	18.2 (1626)	18.1 (1611)	18.1 (1619)	122239 (100.0%) 179.6Mb	122239 (100.0%) 179.6Mb	122199 (100.0%) 179.6Mb	71873 (58.8%) 108.4Mb	5218 (4.3%) 8.1Mb	106416	167085331	1577	1570.1	51.9	1578	11.8	12.5	1800 (12.6)	1798 (12.5)	1797 (14.8)	1797 (10.9)	1797 (12.1)	18.2 (1626)	18.1 (1611)	18.1 (1619)	18.0 (1610)	18.0 (1563)	106416 (100.0%) 167.1Mb	106416 (100.0%) 167.1Mb	106385 (100.0%) 167.0Mb	64993 (61.1%) 102.3Mb	5027 (4.7%) 7.9Mb
ST05073	SRR36073055	SRP645799	PRJNA1358826	SAMN53128875	library ST05073	Waterbird microbiome	AMPLICON	GENOMIC	PCR	single	OXFORD_NANOPORE	MinION	16S was amplified and sequenced with SQK-16S using R9.4.1 chemistry following the manufacturers instructions.	fecal	Animal	Gallinago gallinago	2023-10-25	Ádám Lovas-Kiss	HU: Berettyóújfalu; Andaháza	DNA shield	Nanopore MinION	16S	barcode09	2023-01-16	waterbird_microbiome	1385	2202567	1598	1590.3	154.2	1599	11.9	12.5	3309 (14.3)	3240 (14.4)	3222 (11.2)	3210 (10.7)	3180 (11.4)	17.4 (1618)	17.1 (1407)	17.0 (1571)	16.9 (1630)	16.9 (1567)	1385 (100.0%) 2.2Mb	1385 (100.0%) 2.2Mb	1385 (100.0%) 2.2Mb	865 (62.5%) 1.4Mb	86 (6.2%) 0.1Mb	1358	2166987	1599	1595.7	32.7	1599	11.9	12.6	1754 (11.0)	1743 (11.7)	1723 (12.7)	1719 (11.4)	1701 (13.4)	17.4 (1618)	17.1 (1407)	17.0 (1571)	16.9 (1630)	16.9 (1567)	1358 (100.0%) 2.2Mb	1358 (100.0%) 2.2Mb	1358 (100.0%) 2.2Mb	852 (62.7%) 1.4Mb	85 (6.3%) 0.1Mb
ST05074	SRR36073054	SRP645799	PRJNA1358826	SAMN53128876	library ST05074	Waterbird microbiome	AMPLICON	GENOMIC	PCR	single	OXFORD_NANOPORE	MinION	16S was amplified and sequenced with SQK-16S using R9.4.1 chemistry following the manufacturers instructions.	fecal	Animal	Gallinago gallinago	2023-10-25	Ádám Lovas-Kiss	HU: Berettyóújfalu; Andaháza	DNA shield	Nanopore MinION	16S	barcode10	2023-01-16	waterbird_microbiome	126704	194831013	1611	1537.7	303.5	1612	11.9	12.5	4853 (11.2)	4780 (11.1)	4718 (11.5)	4685 (10.9)	3846 (11.7)	22.6 (98)	18.7 (1628)	18.7 (1609)	18.4 (1220)	18.4 (1615)	126704 (100.0%) 194.8Mb	126704 (100.0%) 194.8Mb	126685 (100.0%) 194.8Mb	78477 (61.9%) 123.2Mb	8068 (6.4%) 12.9Mb	115869	185768096	1612	1603.3	46	1613	11.9	12.6	1800 (13.3)	1797 (11.3)	1797 (12.7)	1797 (11.8)	1796 (14.1)	18.7 (1628)	18.7 (1609)	18.4 (1220)	18.4 (1615)	18.3 (1558)	115869 (100.0%) 185.8Mb	115869 (100.0%) 185.8Mb	115852 (100.0%) 185.7Mb	73927 (63.8%) 118.8Mb	7919 (6.8%) 12.8Mb
ST05075	SRR36073053	SRP645799	PRJNA1358826	SAMN53128877	library ST05075	Waterbird microbiome	AMPLICON	GENOMIC	PCR	single	OXFORD_NANOPORE	MinION	16S was amplified and sequenced with SQK-16S using R9.4.1 chemistry following the manufacturers instructions.	fecal	Animal	Gallinago gallinago	2023-10-25	Ádám Lovas-Kiss	HU: Berettyóújfalu; Andaháza	DNA shield	Nanopore MinION	16S	barcode11	2023-01-16	waterbird_microbiome	93848	138884610	1578	1479.9	324.1	1581	11.7	12.4	5037 (11.2)	4947 (12.2)	4852 (12.4)	4820 (10.3)	4816 (13.1)	19.1 (210)	17.9 (1589)	17.8 (1598)	17.8 (1588)	17.7 (1622)	93848 (100.0%) 138.9Mb	93848 (100.0%) 138.9Mb	93834 (100.0%) 138.9Mb	55293 (58.9%) 83.6Mb	4224 (4.5%) 6.6Mb	82599	129724378	1581	1570.5	59.4	1582	11.8	12.5	1799 (10.9)	1798 (11.1)	1798 (12.4)	1798 (12.7)	1797 (12.3)	17.9 (1589)	17.8 (1598)	17.8 (1588)	17.7 (1622)	17.7 (1503)	82599 (100.0%) 129.7Mb	82599 (100.0%) 129.7Mb	82585 (100.0%) 129.7Mb	50264 (60.9%) 79.1Mb	4073 (4.9%) 6.4Mb
ST05076	SRR36073052	SRP645799	PRJNA1358826	SAMN53128878	library ST05076	Waterbird microbiome	AMPLICON	GENOMIC	PCR	single	OXFORD_NANOPORE	MinION	16S was amplified and sequenced with SQK-16S using R9.4.1 chemistry following the manufacturers instructions.	fecal	Animal	Gallinago gallinago	2023-10-25	Ádám Lovas-Kiss	HU: Berettyóújfalu; Andaháza	DNA shield	Nanopore MinION	16S	barcode12	2023-01-16	waterbird_microbiome	78	88437	1256.5	1133.8	478.9	1569	11.6	12.1	1721 (11.8)	1703 (10.8)	1692 (10.3)	1659 (12.3)	1645 (14.3)	17.7 (616)	15.5 (1343)	15.4 (686)	15.4 (826)	15.0 (1617)	78 (100.0%) 0.1Mb	78 (100.0%) 0.1Mb	78 (100.0%) 0.1Mb	42 (53.8%) 0.0Mb	4 (5.1%) 0.0Mb	40	62631	1598	1565.8	106.9	1598	11.5	12	1721 (11.8)	1703 (10.8)	1692 (10.3)	1659 (12.3)	1645 (14.3)	15.5 (1343)	15.0 (1617)	14.3 (1645)	14.3 (1617)	14.0 (1558)	40 (100.0%) 0.1Mb	40 (100.0%) 0.1Mb	40 (100.0%) 0.1Mb	20 (50.0%) 0.0Mb	1 (2.5%) 0.0Mb
ST05316	SRR36073087	SRP645799	PRJNA1358826	SAMN53128846	library ST05316	Waterbird microbiome	AMPLICON	GENOMIC	PCR	single	OXFORD_NANOPORE	MinION	16S was amplified and sequenced with SQK-16S using R9.4.1 chemistry following the manufacturers instructions.	fecal	Animal	Tringa totanus	2023-08-24	Ádám Lovas-Kiss	HU: Berettyóújfalu; Andaháza	DNA shield	Nanopore MinION	16S	barcode02	2023-12-07	waterbird_microbiome	122022	170372316	1565	1396.2	402.9	1569	11.9	12.6	6371 (13.5)	5558 (12.3)	4754 (11.7)	4668 (12.9)	4665 (12.5)	21.1 (507)	19.5 (321)	18.9 (1567)	18.8 (385)	18.8 (1576)	122022 (100.0%) 170.4Mb	122022 (100.0%) 170.4Mb	122000 (100.0%) 170.3Mb	78576 (64.4%) 114.4Mb	7408 (6.1%) 11.4Mb	99266	155032156	1571	1561.8	57.9	1571	12.1	12.8	1798 (12.3)	1798 (12.6)	1798 (14.1)	1797 (14.3)	1797 (14.8)	18.9 (1567)	18.8 (1576)	18.6 (1547)	18.5 (1580)	18.4 (1513)	99266 (100.0%) 155.0Mb	99266 (100.0%) 155.0Mb	99248 (100.0%) 155.0Mb	67992 (68.5%) 106.4Mb	7089 (7.1%) 11.1Mb
ST05318	SRR36073086	SRP645799	PRJNA1358826	SAMN53128847	library ST05318	Waterbird microbiome	AMPLICON	GENOMIC	PCR	single	OXFORD_NANOPORE	MinION	16S was amplified and sequenced with SQK-16S using R9.4.1 chemistry following the manufacturers instructions.	fecal	Animal	Gallinago gallinago	2023-08-24	Ádám Lovas-Kiss	HU: Berettyóújfalu; Andaháza	DNA shield	Nanopore MinION	16S	barcode03	2023-12-07	waterbird_microbiome	93886	145339616	1613	1548	269.1	1614	12.2	12.9	5364 (11.3)	4755 (14.7)	3758 (12.7)	3541 (12.5)	3451 (11.9)	19.5 (618)	19.4 (221)	19.1 (637)	18.7 (1623)	18.6 (112)	93886 (100.0%) 145.3Mb	93886 (100.0%) 145.3Mb	93872 (100.0%) 145.3Mb	65776 (70.1%) 103.5Mb	8707 (9.3%) 14.0Mb	86847	139463466	1614	1605.9	46.7	1615	12.2	13	1800 (11.0)	1799 (12.8)	1799 (12.9)	1799 (13.9)	1799 (10.8)	18.7 (1623)	18.6 (1626)	18.5 (1622)	18.4 (1583)	18.4 (1637)	86847 (100.0%) 139.5Mb	86847 (100.0%) 139.5Mb	86834 (100.0%) 139.4Mb	62343 (71.8%) 100.3Mb	8552 (9.8%) 13.8Mb
ST05319	SRR36073085	SRP645799	PRJNA1358826	SAMN53128848	library ST05319	Waterbird microbiome	AMPLICON	GENOMIC	PCR	single	OXFORD_NANOPORE	MinION	16S was amplified and sequenced with SQK-16S using R9.4.1 chemistry following the manufacturers instructions.	fecal	Animal	Gallinago gallinago	2023-08-24	Ádám Lovas-Kiss	HU: Berettyóújfalu; Andaháza	DNA shield	Nanopore MinION	16S	barcode04	2023-12-07	waterbird_microbiome	136020	212311266	1596	1560.9	226.5	1597	12.1	12.9	4884 (13.2)	4771 (10.7)	4340 (12.7)	3894 (11.3)	3647 (13.3)	21.0 (255)	20.9 (232)	18.9 (1542)	18.7 (1585)	18.6 (1566)	136020 (100.0%) 212.3Mb	136020 (100.0%) 212.3Mb	136009 (100.0%) 212.3Mb	94338 (69.4%) 149.3Mb	10371 (7.6%) 16.6Mb	130245	207552217	1597	1593.6	30.1	1597	12.2	12.9	1800 (13.4)	1800 (15.0)	1800 (13.7)	1799 (12.9)	1799 (12.1)	18.9 (1542)	18.7 (1585)	18.6 (1566)	18.4 (1578)	18.4 (1559)	130245 (100.0%) 207.6Mb	130245 (100.0%) 207.6Mb	130234 (100.0%) 207.5Mb	91979 (70.6%) 146.9Mb	10278 (7.9%) 16.5Mb
ST05320	SRR36073084	SRP645799	PRJNA1358826	SAMN53128849	library ST05320	Waterbird microbiome	AMPLICON	GENOMIC	PCR	single	OXFORD_NANOPORE	MinION	16S was amplified and sequenced with SQK-16S using R9.4.1 chemistry following the manufacturers instructions.	fecal	Animal	Gallinago gallinago	2023-08-24	Ádám Lovas-Kiss	HU: Berettyóújfalu; Andaháza	DNA shield	Nanopore MinION	16S	barcode05	2023-12-07	waterbird_microbiome	53126	82305510	1581	1549.3	217.9	1582	12.1	12.9	3469 (11.0)	3326 (11.8)	3321 (14.7)	3297 (11.2)	3291 (14.7)	19.7 (246)	18.6 (1608)	18.4 (1543)	18.3 (196)	18.2 (1530)	53126 (100.0%) 82.3Mb	53126 (100.0%) 82.3Mb	53118 (100.0%) 82.3Mb	36916 (69.5%) 57.8Mb	4404 (8.3%) 7.0Mb	50811	80272949	1581	1579.8	37.2	1582	12.2	12.9	1797 (10.7)	1796 (12.7)	1793 (12.0)	1789 (13.7)	1788 (14.5)	18.6 (1608)	18.4 (1543)	18.2 (1530)	18.1 (1575)	18.0 (1572)	50811 (100.0%) 80.3Mb	50811 (100.0%) 80.3Mb	50803 (100.0%) 80.3Mb	35875 (70.6%) 56.8Mb	4356 (8.6%) 6.9Mb
ST05321	SRR36073083	SRP645799	PRJNA1358826	SAMN53128850	library ST05321	Waterbird microbiome	AMPLICON	GENOMIC	PCR	single	OXFORD_NANOPORE	MinION	16S was amplified and sequenced with SQK-16S using R9.4.1 chemistry following the manufacturers instructions.	fecal	Animal	Gallinago gallinago	2023-08-24	Ádám Lovas-Kiss	HU: Berettyóújfalu; Andaháza	DNA shield	Nanopore MinION	16S	barcode06	2023-12-07	waterbird_microbiome	130973	199666317	1598	1524.5	293.3	1599	12.1	12.8	5372 (12.5)	3943 (12.4)	3556 (12.3)	3396 (13.7)	3360 (12.3)	19.7 (48)	18.7 (1601)	18.5 (1559)	18.5 (1588)	18.3 (1584)	130973 (100.0%) 199.7Mb	130973 (100.0%) 199.7Mb	130964 (100.0%) 199.7Mb	89716 (68.5%) 139.8Mb	9710 (7.4%) 15.5Mb	120286	191786072	1599	1594.4	40.6	1600	12.2	12.9	1800 (12.9)	1799 (12.4)	1798 (12.9)	1798 (13.1)	1798 (11.9)	18.7 (1601)	18.5 (1559)	18.5 (1588)	18.3 (1584)	18.3 (1226)	120286 (100.0%) 191.8Mb	120286 (100.0%) 191.8Mb	120277 (100.0%) 191.8Mb	85003 (70.7%) 135.8Mb	9554 (7.9%) 15.3Mb
ST05322	SRR36073082	SRP645799	PRJNA1358826	SAMN53128851	library ST05322	Waterbird microbiome	AMPLICON	GENOMIC	PCR	single	OXFORD_NANOPORE	MinION	16S was amplified and sequenced with SQK-16S using R9.4.1 chemistry following the manufacturers instructions.	fecal	Animal	Gallinago gallinago	2023-08-24	Ádám Lovas-Kiss	HU: Berettyóújfalu; Andaháza	DNA shield	Nanopore MinION	16S	barcode07	2023-12-07	waterbird_microbiome	501099	706405852	1568	1409.7	397.2	1574	12	12.6	6138 (12.9)	5187 (10.5)	4933 (13.3)	4912 (12.7)	4871 (14.9)	20.3 (215)	19.8 (220)	19.3 (1548)	19.0 (1624)	19.0 (1049)	501099 (100.0%) 706.4Mb	501099 (100.0%) 706.4Mb	501017 (100.0%) 706.3Mb	324569 (64.8%) 476.4Mb	32001 (6.4%) 49.5Mb	410533	642643561	1576	1565.4	72.1	1577	12.1	12.8	1800 (11.2)	1800 (10.4)	1800 (10.6)	1800 (10.4)	1800 (10.0)	19.3 (1548)	19.0 (1624)	18.9 (1615)	18.9 (1289)	18.8 (1608)	410533 (100.0%) 642.6Mb	410533 (100.0%) 642.6Mb	410471 (100.0%) 642.5Mb	282349 (68.8%) 442.9Mb	30494 (7.4%) 48.1Mb
SX03094	SRR36073081	SRP645799	PRJNA1358826	SAMN53128852	library SX03094	Waterbird microbiome	AMPLICON	GENOMIC	PCR	single	OXFORD_NANOPORE	MinION	16S was amplified and sequenced with SQK-16S using R9.4.1 chemistry following the manufacturers instructions.	fecal	Animal	Tringa glareola	2023-07-27	Ádám Lovas-Kiss	HU: Berettyóújfalu; Andaháza	DNA shield	Nanopore MinION	16S	barcode08	2023-12-07	waterbird_microbiome	14141	22216196	1583	1571	160.1	1584	12.2	12.9	4661 (12.0)	3252 (12.2)	3246 (10.9)	3243 (13.7)	3242 (11.8)	18.2 (1614)	17.9 (1593)	17.8 (1625)	17.8 (1610)	17.6 (1612)	14141 (100.0%) 22.2Mb	14141 (100.0%) 22.2Mb	14141 (100.0%) 22.2Mb	9881 (69.9%) 15.6Mb	1079 (7.6%) 1.7Mb	13799	21804578	1583	1580.2	35.1	1583	12.2	12.9	1798 (10.5)	1793 (14.0)	1790 (11.9)	1790 (11.2)	1785 (12.1)	18.2 (1614)	17.9 (1593)	17.8 (1625)	17.8 (1610)	17.6 (1612)	13799 (100.0%) 21.8Mb	13799 (100.0%) 21.8Mb	13799 (100.0%) 21.8Mb	9725 (70.5%) 15.4Mb	1072 (7.8%) 1.7Mb
SX03095	SRR36073080	SRP645799	PRJNA1358826	SAMN53128853	library SX03095	Waterbird microbiome	AMPLICON	GENOMIC	PCR	single	OXFORD_NANOPORE	MinION	16S was amplified and sequenced with SQK-16S using R9.4.1 chemistry following the manufacturers instructions.	fecal	Animal	Tringa glareola	2023-07-27	Ádám Lovas-Kiss	HU: Berettyóújfalu; Andaháza	DNA shield	Nanopore MinION	16S	barcode09	2023-12-07	waterbird_microbiome	75277	119415572	1598	1586.3	152.9	1599	12.1	12.8	4696 (14.7)	3860 (11.5)	3785 (11.2)	3744 (10.9)	3635 (13.1)	18.8 (233)	18.6 (1613)	18.5 (1615)	18.4 (1603)	18.3 (1606)	75277 (100.0%) 119.4Mb	75277 (100.0%) 119.4Mb	75270 (100.0%) 119.4Mb	51848 (68.9%) 82.6Mb	5231 (6.9%) 8.4Mb	73698	117464503	1598	1593.9	32.8	1599	12.1	12.8	1800 (13.7)	1800 (11.5)	1799 (11.2)	1798 (10.4)	1798 (13.7)	18.6 (1613)	18.5 (1615)	18.4 (1603)	18.3 (1606)	18.2 (1628)	73698 (100.0%) 117.5Mb	73698 (100.0%) 117.5Mb	73691 (100.0%) 117.5Mb	51108 (69.3%) 81.6Mb	5190 (7.0%) 8.3Mb
SX03096	SRR36073078	SRP645799	PRJNA1358826	SAMN53128854	library SX03096	Waterbird microbiome	AMPLICON	GENOMIC	PCR	single	OXFORD_NANOPORE	MinION	16S was amplified and sequenced with SQK-16S using R9.4.1 chemistry following the manufacturers instructions.	fecal	Animal	Tringa glareola	2023-07-27	Ádám Lovas-Kiss	HU: Berettyóújfalu; Andaháza	DNA shield	Nanopore MinION	16S	barcode10	2023-12-07	waterbird_microbiome	7380	11810703	1613	1600.4	161.2	1614	12.2	13	4088 (12.4)	3333 (14.1)	3309 (12.1)	3286 (14.1)	3261 (14.1)	18.1 (1595)	18.0 (1527)	17.9 (1636)	17.9 (1620)	17.9 (1623)	7380 (100.0%) 11.8Mb	7380 (100.0%) 11.8Mb	7379 (100.0%) 11.8Mb	5278 (71.5%) 8.5Mb	667 (9.0%) 1.1Mb	7216	11594252	1613	1606.7	34.6	1613	12.2	13	1796 (11.1)	1792 (11.8)	1791 (10.7)	1789 (10.4)	1780 (12.3)	18.1 (1595)	18.0 (1527)	17.9 (1636)	17.9 (1620)	17.9 (1623)	7216 (100.0%) 11.6Mb	7216 (100.0%) 11.6Mb	7215 (100.0%) 11.6Mb	5184 (71.8%) 8.3Mb	663 (9.2%) 1.1Mb
SX03098	SRR36073077	SRP645799	PRJNA1358826	SAMN53128855	library SX03098	Waterbird microbiome	AMPLICON	GENOMIC	PCR	single	OXFORD_NANOPORE	MinION	16S was amplified and sequenced with SQK-16S using R9.4.1 chemistry following the manufacturers instructions.	fecal	Animal	Tringa glareola	2023-08-03	Ádám Lovas-Kiss	HU: Berettyóújfalu; Andaháza	DNA shield	Nanopore MinION	16S	barcode11	2023-12-07	waterbird_microbiome	62237	95818990	1547	1539.6	148.9	1547	12.5	13.3	4084 (11.4)	3815 (11.9)	3621 (12.7)	3335 (12.2)	3318 (10.9)	19.0 (1556)	19.0 (1625)	18.9 (1551)	18.8 (1544)	18.6 (1558)	62237 (100.0%) 95.8Mb	62237 (100.0%) 95.8Mb	62228 (100.0%) 95.8Mb	47137 (75.7%) 72.8Mb	10203 (16.4%) 15.8Mb	60901	94265547	1547	1547.8	33	1547	12.5	13.4	1800 (14.2)	1800 (11.5)	1798 (12.6)	1797 (13.8)	1794 (13.3)	19.0 (1556)	19.0 (1625)	18.9 (1551)	18.8 (1544)	18.6 (1558)	60901 (100.0%) 94.3Mb	60901 (100.0%) 94.3Mb	60893 (100.0%) 94.3Mb	46428 (76.2%) 72.0Mb	10128 (16.6%) 15.7Mb
SX03099	SRR36073076	SRP645799	PRJNA1358826	SAMN53128856	library SX03099	Waterbird microbiome	AMPLICON	GENOMIC	PCR	single	OXFORD_NANOPORE	MinION	16S was amplified and sequenced with SQK-16S using R9.4.1 chemistry following the manufacturers instructions.	fecal	Animal	Tringa glareola	2023-08-03	Ádám Lovas-Kiss	HU: Berettyóújfalu; Andaháza	DNA shield	Nanopore MinION	16S	barcode12	2023-12-07	waterbird_microbiome	1938	3048839	1582	1573.2	133.2	1583	12.2	13	3280 (11.8)	3193 (10.9)	3155 (14.1)	2549 (11.5)	2107 (11.0)	17.8 (1568)	17.5 (1559)	17.5 (1556)	17.5 (1630)	17.5 (1634)	1938 (100.0%) 3.0Mb	1938 (100.0%) 3.0Mb	1938 (100.0%) 3.0Mb	1376 (71.0%) 2.2Mb	194 (10.0%) 0.3Mb	1893	2999228	1583	1584.4	34.6	1584	12.3	13.1	1795 (11.7)	1730 (12.0)	1708 (11.3)	1703 (12.1)	1697 (10.1)	17.8 (1568)	17.5 (1559)	17.5 (1556)	17.5 (1630)	17.5 (1634)	1893 (100.0%) 3.0Mb	1893 (100.0%) 3.0Mb	1893 (100.0%) 3.0Mb	1353 (71.5%) 2.1Mb	192 (10.1%) 0.3Mb
SX03201	SRR36073075	SRP645799	PRJNA1358826	SAMN53128857	library SX03201	Waterbird microbiome	AMPLICON	GENOMIC	PCR	single	OXFORD_NANOPORE	MinION	16S was amplified and sequenced with SQK-16S using R9.4.1 chemistry following the manufacturers instructions.	fecal	Animal	Tringa glareola	2023-08-03	Ádám Lovas-Kiss	HU: Berettyóújfalu; Andaháza	DNA shield	Nanopore MinION	16S	barcode13	2023-12-07	waterbird_microbiome	158391	249397365	1616	1574.6	245.5	1617	12.2	13	16012 (10.9)	5243 (12.2)	4797 (11.6)	4734 (11.9)	4475 (10.4)	19.6 (1116)	19.1 (1630)	19.0 (250)	19.0 (1625)	18.8 (1226)	158391 (100.0%) 249.4Mb	158391 (100.0%) 249.4Mb	158382 (100.0%) 249.4Mb	111921 (70.7%) 178.7Mb	15417 (9.7%) 24.9Mb	150800	243209456	1617	1612.8	31.7	1617	12.3	13	1800 (14.1)	1800 (13.5)	1800 (11.4)	1800 (11.3)	1799 (10.4)	19.1 (1630)	19.0 (1625)	18.8 (1226)	18.7 (1634)	18.7 (1619)	150800 (100.0%) 243.2Mb	150800 (100.0%) 243.2Mb	150791 (100.0%) 243.2Mb	108599 (72.0%) 175.4Mb	15277 (10.1%) 24.7Mb
SX03207	SRR36073074	SRP645799	PRJNA1358826	SAMN53128858	library SX03207	Waterbird microbiome	AMPLICON	GENOMIC	PCR	single	OXFORD_NANOPORE	MinION	16S was amplified and sequenced with SQK-16S using R9.4.1 chemistry following the manufacturers instructions.	fecal	Animal	Tringa glareola	2023-08-24	Ádám Lovas-Kiss	HU: Berettyóújfalu; Andaháza	DNA shield	Nanopore MinION	16S	barcode14	2023-12-07	waterbird_microbiome	170739	269237224	1600	1576.9	181.5	1602	12.2	12.9	4914 (13.0)	4881 (14.2)	4858 (13.9)	4845 (14.7)	4839 (11.8)	20.0 (326)	19.4 (1621)	19.1 (1581)	19.0 (1579)	18.7 (346)	170739 (100.0%) 269.2Mb	170739 (100.0%) 269.2Mb	170725 (100.0%) 269.2Mb	120742 (70.7%) 191.7Mb	15583 (9.1%) 24.9Mb	165514	263944542	1601	1594.7	38.3	1602	12.2	13	1800 (11.2)	1800 (11.5)	1800 (13.0)	1800 (10.3)	1799 (13.1)	19.4 (1621)	19.1 (1581)	19.0 (1579)	18.6 (1583)	18.5 (1629)	165514 (100.0%) 263.9Mb	165514 (100.0%) 263.9Mb	165501 (100.0%) 263.9Mb	118134 (71.4%) 188.7Mb	15445 (9.3%) 24.8Mb
SX03208	SRR36073073	SRP645799	PRJNA1358826	SAMN53128859	library SX03208	Waterbird microbiome	AMPLICON	GENOMIC	PCR	single	OXFORD_NANOPORE	MinION	16S was amplified and sequenced with SQK-16S using R9.4.1 chemistry following the manufacturers instructions.	fecal	Animal	Tringa glareola	2023-08-24	Ádám Lovas-Kiss	HU: Berettyóújfalu; Andaháza	DNA shield	Nanopore MinION	16S	barcode15	2023-12-07	waterbird_microbiome	1124	1770710	1587	1575.4	156.6	1589	12.2	13	3239 (11.7)	3191 (13.5)	3126 (11.0)	3111 (12.7)	1885 (12.1)	17.7 (1613)	17.3 (1613)	16.8 (1624)	16.7 (1611)	16.7 (1618)	1124 (100.0%) 1.8Mb	1124 (100.0%) 1.8Mb	1124 (100.0%) 1.8Mb	803 (71.4%) 1.3Mb	87 (7.7%) 0.1Mb	1095	1732917	1587	1582.6	40	1588	12.2	13	1788 (11.4)	1730 (11.7)	1721 (10.9)	1717 (13.9)	1697 (12.8)	17.7 (1613)	17.3 (1613)	16.8 (1624)	16.7 (1611)	16.7 (1618)	1095 (100.0%) 1.7Mb	1095 (100.0%) 1.7Mb	1095 (100.0%) 1.7Mb	788 (72.0%) 1.2Mb	86 (7.9%) 0.1Mb
SX03212	SRR36073072	SRP645799	PRJNA1358826	SAMN53128860	library SX03212	Waterbird microbiome	AMPLICON	GENOMIC	PCR	single	OXFORD_NANOPORE	MinION	16S was amplified and sequenced with SQK-16S using R9.4.1 chemistry following the manufacturers instructions.	fecal	Animal	Tringa glareola	2023-08-31	Ádám Lovas-Kiss	HU: Berettyóújfalu; Andaháza	DNA shield	Nanopore MinION	16S	barcode16	2023-12-07	waterbird_microbiome	58080	90725367	1568	1562.1	153.9	1568	12.3	13	5493 (11.5)	4848 (12.2)	4390 (11.6)	3859 (10.8)	3423 (14.1)	19.2 (1562)	18.6 (1573)	18.5 (1593)	18.3 (1135)	18.3 (1587)	58080 (100.0%) 90.7Mb	58080 (100.0%) 90.7Mb	58074 (100.0%) 90.7Mb	41742 (71.9%) 65.5Mb	5953 (10.2%) 9.4Mb	56811	89205653	1568	1570.2	34	1568	12.3	13.1	1798 (10.5)	1795 (11.9)	1793 (12.6)	1792 (13.1)	1792 (11.4)	19.2 (1562)	18.6 (1573)	18.5 (1593)	18.3 (1587)	18.3 (1578)	56811 (100.0%) 89.2Mb	56811 (100.0%) 89.2Mb	56805 (100.0%) 89.2Mb	41111 (72.4%) 64.6Mb	5917 (10.4%) 9.3Mb
SX03213	SRR36073071	SRP645799	PRJNA1358826	SAMN53128861	library SX03213	Waterbird microbiome	AMPLICON	GENOMIC	PCR	single	OXFORD_NANOPORE	MinION	16S was amplified and sequenced with SQK-16S using R9.4.1 chemistry following the manufacturers instructions.	fecal	Animal	Tringa glareola	2023-08-31	Ádám Lovas-Kiss	HU: Berettyóújfalu; Andaháza	DNA shield	Nanopore MinION	16S	barcode17	2023-12-07	waterbird_microbiome	2772	4345887	1584	1567.8	140.4	1585	12.1	12.9	3198 (12.3)	3197 (10.4)	3181 (11.0)	3136 (12.3)	2004 (12.0)	18.3 (1558)	17.6 (1588)	17.5 (1605)	17.0 (1622)	17.0 (1544)	2772 (100.0%) 4.3Mb	2772 (100.0%) 4.3Mb	2772 (100.0%) 4.3Mb	1941 (70.0%) 3.1Mb	229 (8.3%) 0.4Mb	2718	4292226	1584	1579.2	39	1585	12.2	12.9	1789 (10.8)	1762 (11.6)	1759 (14.9)	1739 (10.3)	1738 (12.8)	18.3 (1558)	17.6 (1588)	17.5 (1605)	17.0 (1622)	17.0 (1544)	2718 (100.0%) 4.3Mb	2718 (100.0%) 4.3Mb	2718 (100.0%) 4.3Mb	1917 (70.5%) 3.0Mb	226 (8.3%) 0.4Mb
SX03214	SRR36073070	SRP645799	PRJNA1358826	SAMN53128862	library SX03214	Waterbird microbiome	AMPLICON	GENOMIC	PCR	single	OXFORD_NANOPORE	MinION	16S was amplified and sequenced with SQK-16S using R9.4.1 chemistry following the manufacturers instructions.	fecal	Animal	Tringa glareola	2023-08-31	Ádám Lovas-Kiss	HU: Berettyóújfalu; Andaháza	DNA shield	Nanopore MinION	16S	barcode18	2023-12-07	waterbird_microbiome	7693	12165401	1593	1581.4	139.6	1594	12.2	13	3283 (11.4)	3281 (11.1)	3271 (15.5)	3266 (13.5)	3250 (11.4)	18.1 (1619)	17.6 (1622)	17.5 (1577)	17.5 (1581)	17.5 (1579)	7693 (100.0%) 12.2Mb	7693 (100.0%) 12.2Mb	7693 (100.0%) 12.2Mb	5434 (70.6%) 8.6Mb	708 (9.2%) 1.1Mb	7536	11981533	1593	1589.9	37.3	1594	12.2	13	1792 (10.5)	1779 (13.6)	1774 (12.7)	1773 (11.9)	1772 (10.9)	18.1 (1619)	17.6 (1622)	17.5 (1577)	17.5 (1581)	17.5 (1579)	7536 (100.0%) 12.0Mb	7536 (100.0%) 12.0Mb	7536 (100.0%) 12.0Mb	5367 (71.2%) 8.5Mb	702 (9.3%) 1.1Mb
SX03215	SRR36073069	SRP645799	PRJNA1358826	SAMN53128863	library SX03215	Waterbird microbiome	AMPLICON	GENOMIC	PCR	single	OXFORD_NANOPORE	MinION	16S was amplified and sequenced with SQK-16S using R9.4.1 chemistry following the manufacturers instructions.	fecal	Animal	Tringa glareola	2023-08-31	Ádám Lovas-Kiss	HU: Berettyóújfalu; Andaháza	DNA shield	Nanopore MinION	16S	barcode19	2023-12-07	waterbird_microbiome	92970	147750386	1606	1589.2	173	1607	12.2	12.9	4773 (13.0)	4686 (11.1)	4664 (11.4)	3734 (10.2)	3511 (11.1)	18.9 (468)	18.7 (260)	18.6 (1553)	18.6 (1626)	18.5 (1583)	92970 (100.0%) 147.8Mb	92970 (100.0%) 147.8Mb	92959 (100.0%) 147.7Mb	65741 (70.7%) 105.2Mb	8145 (8.8%) 13.1Mb	90419	145007954	1606	1603.7	32.8	1607	12.2	13	1800 (12.4)	1798 (11.6)	1797 (11.3)	1796 (15.3)	1795 (11.9)	18.6 (1553)	18.6 (1626)	18.5 (1583)	18.4 (1619)	18.4 (1627)	90419 (100.0%) 145.0Mb	90419 (100.0%) 145.0Mb	90408 (100.0%) 145.0Mb	64539 (71.4%) 103.7Mb	8080 (8.9%) 13.0Mb
SX03216	SRR36073067	SRP645799	PRJNA1358826	SAMN53128864	library SX03216	Waterbird microbiome	AMPLICON	GENOMIC	PCR	single	OXFORD_NANOPORE	MinION	16S was amplified and sequenced with SQK-16S using R9.4.1 chemistry following the manufacturers instructions.	fecal	Animal	Tringa glareola	2023-08-31	Ádám Lovas-Kiss	HU: Berettyóújfalu; Andaháza	DNA shield	Nanopore MinION	16S	barcode20	2023-12-07	waterbird_microbiome	12269	19283600	1577	1571.7	140.7	1578	12.2	13	3317 (13.6)	3293 (11.6)	3268 (10.9)	3232 (11.8)	3209 (11.4)	18.3 (1586)	18.2 (1568)	18.1 (1637)	18.1 (1578)	17.8 (1579)	12269 (100.0%) 19.3Mb	12269 (100.0%) 19.3Mb	12266 (100.0%) 19.3Mb	8703 (70.9%) 13.7Mb	1158 (9.4%) 1.8Mb	12025	19003804	1577	1580.4	37.6	1578	12.2	13	1799 (11.8)	1794 (11.9)	1788 (13.2)	1785 (10.8)	1781 (13.5)	18.3 (1586)	18.2 (1568)	18.1 (1637)	18.1 (1578)	17.8 (1579)	12025 (100.0%) 19.0Mb	12025 (100.0%) 19.0Mb	12022 (100.0%) 19.0Mb	8589 (71.4%) 13.6Mb	1150 (9.6%) 1.8Mb
SX03217	SRR36073066	SRP645799	PRJNA1358826	SAMN53128865	library SX03217	Waterbird microbiome	AMPLICON	GENOMIC	PCR	single	OXFORD_NANOPORE	MinION	16S was amplified and sequenced with SQK-16S using R9.4.1 chemistry following the manufacturers instructions.	fecal	Animal	Tringa glareola	2023-08-31	Ádám Lovas-Kiss	HU: Berettyóújfalu; Andaháza	DNA shield	Nanopore MinION	16S	barcode21	2023-12-07	waterbird_microbiome	342438	530185105	1571	1548.3	234.5	1572	12.2	12.9	70523 (12.7)	5022 (12.5)	4812 (11.6)	4744 (12.8)	4740 (12.3)	20.7 (45)	19.6 (209)	19.0 (1581)	18.9 (1527)	18.9 (1582)	342438 (100.0%) 530.2Mb	342438 (100.0%) 530.2Mb	342404 (100.0%) 530.1Mb	241744 (70.6%) 377.3Mb	32272 (9.4%) 50.7Mb	328936	516459431	1572	1570.1	36.4	1572	12.2	13	1800 (12.9)	1800 (14.7)	1800 (12.1)	1800 (10.2)	1800 (13.3)	19.0 (1581)	18.9 (1527)	18.9 (1582)	18.8 (1621)	18.7 (1582)	328936 (100.0%) 516.5Mb	328936 (100.0%) 516.5Mb	328905 (100.0%) 516.4Mb	234993 (71.4%) 369.6Mb	31925 (9.7%) 50.3Mb
SX03218	SRR36073065	SRP645799	PRJNA1358826	SAMN53128866	library SX03218	Waterbird microbiome	AMPLICON	GENOMIC	PCR	single	OXFORD_NANOPORE	MinION	16S was amplified and sequenced with SQK-16S using R9.4.1 chemistry following the manufacturers instructions.	fecal	Animal	Tringa glareola	2023-08-31	Ádám Lovas-Kiss	HU: Berettyóújfalu; Andaháza	DNA shield	Nanopore MinION	16S	barcode22	2023-12-07	waterbird_microbiome	7	11725	1636	1675	191.3	1636	11.5	11.5	2128 (10.7)	1672 (14.9)	1640 (11.5)	1636 (11.8)	1572 (11.5)	14.9 (1672)	14.3 (1552)	11.8 (1636)	11.5 (1572)	11.5 (1640)	7 (100.0%) 0.0Mb	7 (100.0%) 0.0Mb	7 (100.0%) 0.0Mb	2 (28.6%) 0.0Mb	0 (0.0%) 0.0Mb	6	9597	1604	1599.5	52.9	1636	11.8	11.7	1672 (14.9)	1640 (11.5)	1636 (11.8)	1572 (11.5)	1552 (14.3)	14.9 (1672)	14.3 (1552)	11.8 (1636)	11.5 (1572)	11.5 (1640)	6 (100.0%) 0.0Mb	6 (100.0%) 0.0Mb	6 (100.0%) 0.0Mb	2 (33.3%) 0.0Mb	0 (0.0%) 0.0Mb
SX03219	SRR36073064	SRP645799	PRJNA1358826	SAMN53128867	library SX03219	Waterbird microbiome	AMPLICON	GENOMIC	PCR	single	OXFORD_NANOPORE	MinION	16S was amplified and sequenced with SQK-16S using R9.4.1 chemistry following the manufacturers instructions.	fecal	Animal	Tringa glareola	2023-08-31	Ádám Lovas-Kiss	HU: Berettyóújfalu; Andaháza	DNA shield	Nanopore MinION	16S	barcode01	2023-01-16	waterbird_microbiome	77114	122395651	1613	1587.2	205.2	1613	11.9	12.6	4954 (11.2)	4724 (12.8)	3686 (12.8)	3680 (12.8)	3582 (10.4)	18.8 (1616)	18.8 (1630)	18.3 (1625)	18.2 (1621)	18.2 (1614)	77114 (100.0%) 122.4Mb	77114 (100.0%) 122.4Mb	77096 (100.0%) 122.4Mb	48723 (63.2%) 77.9Mb	5050 (6.5%) 8.1Mb	74287	119318298	1613	1606.2	35.3	1613	11.9	12.6	1799 (12.1)	1799 (13.4)	1798 (11.9)	1798 (11.0)	1798 (10.6)	18.8 (1616)	18.8 (1630)	18.3 (1625)	18.2 (1621)	18.2 (1614)	74287 (100.0%) 119.3Mb	74287 (100.0%) 119.3Mb	74271 (100.0%) 119.3Mb	47479 (63.9%) 76.4Mb	4997 (6.7%) 8.1Mb
SX03220	SRR36073063	SRP645799	PRJNA1358826	SAMN53128868	library SX03220	Waterbird microbiome	AMPLICON	GENOMIC	PCR	single	OXFORD_NANOPORE	MinION	16S was amplified and sequenced with SQK-16S using R9.4.1 chemistry following the manufacturers instructions.	fecal	Animal	Tringa glareola	2023-08-31	Ádám Lovas-Kiss	HU: Berettyóújfalu; Andaháza	DNA shield	Nanopore MinION	16S	barcode02	2023-01-16	waterbird_microbiome	6896	10917600	1596	1583.2	157.6	1596	11.8	12.5	3493 (11.0)	3258 (13.8)	3249 (12.0)	3245 (12.2)	3236 (11.7)	18.2 (1617)	17.4 (1609)	17.1 (1608)	17.1 (1605)	17.0 (1604)	6896 (100.0%) 10.9Mb	6896 (100.0%) 10.9Mb	6895 (100.0%) 10.9Mb	4261 (61.8%) 6.8Mb	402 (5.8%) 0.6Mb	6737	10729409	1596	1592.6	31.9	1596	11.9	12.5	1794 (13.1)	1779 (10.1)	1769 (14.5)	1768 (11.5)	1754 (10.4)	18.2 (1617)	17.4 (1609)	17.1 (1608)	17.1 (1605)	17.0 (1604)	6737 (100.0%) 10.7Mb	6737 (100.0%) 10.7Mb	6736 (100.0%) 10.7Mb	4182 (62.1%) 6.7Mb	401 (6.0%) 0.6Mb
SX03222	SRR36073062	SRP645799	PRJNA1358826	SAMN53128869	library SX03222	Waterbird microbiome	AMPLICON	GENOMIC	PCR	single	OXFORD_NANOPORE	MinION	16S was amplified and sequenced with SQK-16S using R9.4.1 chemistry following the manufacturers instructions.	fecal	Animal	Tringa glareola	2023-08-31	Ádám Lovas-Kiss	HU: Berettyóújfalu; Andaháza	DNA shield	Nanopore MinION	16S	barcode03	2023-01-16	waterbird_microbiome	165	252557	1578	1530.6	250.5	1579	11.7	12.4	3107 (12.2)	1748 (10.8)	1687 (10.7)	1686 (12.5)	1662 (11.9)	16.8 (1553)	15.7 (1524)	15.6 (1602)	15.5 (1596)	15.4 (1557)	165 (100.0%) 0.3Mb	165 (100.0%) 0.3Mb	165 (100.0%) 0.3Mb	96 (58.2%) 0.2Mb	11 (6.7%) 0.0Mb	154	241863	1578.5	1570.5	53.1	1579	11.8	12.6	1748 (10.8)	1687 (10.7)	1686 (12.5)	1662 (11.9)	1645 (15.1)	16.8 (1553)	15.7 (1524)	15.6 (1602)	15.5 (1596)	15.4 (1557)	154 (100.0%) 0.2Mb	154 (100.0%) 0.2Mb	154 (100.0%) 0.2Mb	92 (59.7%) 0.1Mb	10 (6.5%) 0.0Mb
SX03223	SRR36073061	SRP645799	PRJNA1358826	SAMN53128870	library SX03223	Waterbird microbiome	AMPLICON	GENOMIC	PCR	single	OXFORD_NANOPORE	MinION	16S was amplified and sequenced with SQK-16S using R9.4.1 chemistry following the manufacturers instructions.	fecal	Animal	Tringa glareola	2023-08-31	Ádám Lovas-Kiss	HU: Berettyóújfalu; Andaháza	DNA shield	Nanopore MinION	16S	barcode04	2023-01-16	waterbird_microbiome	5390	8454578	1578	1568.6	162.6	1578	11.8	12.5	4806 (13.5)	3832 (16.3)	3749 (11.0)	3236 (10.7)	3231 (11.3)	17.7 (1583)	17.5 (1584)	17.0 (1575)	16.9 (1530)	16.9 (1575)	5390 (100.0%) 8.5Mb	5390 (100.0%) 8.5Mb	5388 (100.0%) 8.5Mb	3325 (61.7%) 5.2Mb	284 (5.3%) 0.5Mb	5272	8294646	1578	1573.3	36.9	1578	11.9	12.6	1795 (12.7)	1790 (10.8)	1776 (14.0)	1772 (13.9)	1771 (12.6)	17.7 (1583)	17.5 (1584)	17.0 (1575)	16.9 (1530)	16.9 (1575)	5272 (100.0%) 8.3Mb	5272 (100.0%) 8.3Mb	5270 (100.0%) 8.3Mb	3280 (62.2%) 5.2Mb	282 (5.3%) 0.4Mb
SX03224	SRR36073060	SRP645799	PRJNA1358826	SAMN53128871	library SX03224	Waterbird microbiome	AMPLICON	GENOMIC	PCR	single	OXFORD_NANOPORE	MinION	16S was amplified and sequenced with SQK-16S using R9.4.1 chemistry following the manufacturers instructions.	fecal	Animal	Tringa glareola	2023-08-31	Ádám Lovas-Kiss	HU: Berettyóújfalu; Andaháza	DNA shield	Nanopore MinION	16S	barcode05	2023-01-16	waterbird_microbiome	2074	3279441	1592	1581.2	171.7	1593	11.8	12.5	4915 (11.9)	3220 (12.2)	3194 (13.0)	3188 (13.1)	3184 (12.5)	17.0 (1577)	17.0 (1570)	16.8 (1608)	16.6 (1607)	16.5 (1588)	2074 (100.0%) 3.3Mb	2074 (100.0%) 3.3Mb	2074 (100.0%) 3.3Mb	1285 (62.0%) 2.0Mb	103 (5.0%) 0.2Mb	2025	3217799	1593	1589	32	1593	11.9	12.6	1788 (10.5)	1771 (10.1)	1767 (13.0)	1728 (11.9)	1723 (13.0)	17.0 (1577)	17.0 (1570)	16.8 (1608)	16.6 (1607)	16.5 (1588)	2025 (100.0%) 3.2Mb	2025 (100.0%) 3.2Mb	2025 (100.0%) 3.2Mb	1263 (62.4%) 2.0Mb	103 (5.1%) 0.2Mb
SX03226	SRR36073059	SRP645799	PRJNA1358826	SAMN53128872	library SX03226	Waterbird microbiome	AMPLICON	GENOMIC	PCR	single	OXFORD_NANOPORE	MinION	16S was amplified and sequenced with SQK-16S using R9.4.1 chemistry following the manufacturers instructions.	fecal	Animal	Tringa glareola	2023-09-12	Ádám Lovas-Kiss	HU: Berettyóújfalu; Andaháza	DNA shield	Nanopore MinION	16S	barcode06	2023-01-16	waterbird_microbiome	73436	113289511	1574	1542.7	221.8	1575	11.9	12.5	4891 (12.7)	4801 (11.4)	4054 (11.0)	3775 (10.4)	3475 (10.7)	19.5 (245)	19.0 (1583)	18.3 (1577)	18.3 (1581)	18.3 (1573)	73436 (100.0%) 113.3Mb	73436 (100.0%) 113.3Mb	73423 (100.0%) 113.3Mb	45423 (61.9%) 70.7Mb	4205 (5.7%) 6.6Mb	69965	109991025	1575	1572.1	37.6	1576	11.9	12.6	1800 (10.4)	1799 (12.2)	1795 (11.8)	1794 (11.3)	1794 (13.7)	19.0 (1583)	18.3 (1577)	18.3 (1581)	18.3 (1573)	18.2 (1609)	69965 (100.0%) 110.0Mb	69965 (100.0%) 110.0Mb	69953 (100.0%) 110.0Mb	43829 (62.6%) 69.0Mb	4143 (5.9%) 6.5Mb
